"t0","t1","combo_cnt","cnt","probs","roles","gender","age_c"
"No","No",0,0,0,"Chief","hombre","1"
"No","Yes",0,0,0,"Chief","hombre","1"
"Yes","No",0,0,0,"Chief","hombre","1"
"Yes","Yes",0,0,0,"Chief","hombre","1"
"No","No",0,0,0,"Non-chief","hombre","1"
"No","Yes",0,0,0,"Non-chief","hombre","1"
"Yes","No",0,0,0,"Non-chief","hombre","1"
"Yes","Yes",0,0,0,"Non-chief","hombre","1"
"No","No",0,0,0,"Chief","hombre","2"
"No","Yes",0,0,0,"Chief","hombre","2"
"Yes","No",0,0,0,"Chief","hombre","2"
"Yes","Yes",0,0,0,"Chief","hombre","2"
"No","No",0,0,0,"Non-chief","hombre","2"
"No","Yes",0,0,0,"Non-chief","hombre","2"
"Yes","No",0,0,0,"Non-chief","hombre","2"
"Yes","Yes",0,0,0,"Non-chief","hombre","2"
"No","No",0,0,0,"Chief","hombre","3"
"No","Yes",0,0,0,"Chief","hombre","3"
"Yes","No",0,0,0,"Chief","hombre","3"
"Yes","Yes",0,0,0,"Chief","hombre","3"
"No","No",36,54,0.666666666666667,"Non-chief","hombre","3"
"No","Yes",18,54,0.333333333333333,"Non-chief","hombre","3"
"Yes","No",8,28,0.285714285714286,"Non-chief","hombre","3"
"Yes","Yes",20,28,0.714285714285714,"Non-chief","hombre","3"
"Yes","Yes",5,5,1,"Chief","hombre","4"
"No","No",102,196,0.520408163265306,"Non-chief","hombre","4"
"No","Yes",94,196,0.479591836734694,"Non-chief","hombre","4"
"Yes","No",65,217,0.299539170506912,"Non-chief","hombre","4"
"Yes","Yes",152,217,0.700460829493088,"Non-chief","hombre","4"
"Yes","No",1,23,0.0434782608695652,"Chief","hombre","5"
"Yes","Yes",22,23,0.956521739130435,"Chief","hombre","5"
"No","No",31,83,0.373493975903614,"Non-chief","hombre","5"
"No","Yes",52,83,0.626506024096386,"Non-chief","hombre","5"
"Yes","No",38,233,0.163090128755365,"Non-chief","hombre","5"
"Yes","Yes",195,233,0.836909871244635,"Non-chief","hombre","5"
"No","Yes",4,4,1,"Chief","hombre","6"
"Yes","Yes",54,54,1,"Chief","hombre","6"
"No","No",15,37,0.405405405405405,"Non-chief","hombre","6"
"No","Yes",22,37,0.594594594594595,"Non-chief","hombre","6"
"Yes","No",24,158,0.151898734177215,"Non-chief","hombre","6"
"Yes","Yes",134,158,0.848101265822785,"Non-chief","hombre","6"
"No","No",0,3,0,"Chief","hombre","7"
"No","Yes",3,3,1,"Chief","hombre","7"
"Yes","No",2,99,0.0202020202020202,"Chief","hombre","7"
"Yes","Yes",97,99,0.97979797979798,"Chief","hombre","7"
"No","No",6,18,0.333333333333333,"Non-chief","hombre","7"
"No","Yes",12,18,0.666666666666667,"Non-chief","hombre","7"
"Yes","No",11,115,0.0956521739130435,"Non-chief","hombre","7"
"Yes","Yes",104,115,0.904347826086957,"Non-chief","hombre","7"
"No","No",1,3,0.333333333333333,"Chief","hombre","8"
"No","Yes",2,3,0.666666666666667,"Chief","hombre","8"
"Yes","No",5,164,0.0304878048780488,"Chief","hombre","8"
"Yes","Yes",159,164,0.969512195121951,"Chief","hombre","8"
"No","No",2,6,0.333333333333333,"Non-chief","hombre","8"
"No","Yes",4,6,0.666666666666667,"Non-chief","hombre","8"
"Yes","No",3,76,0.0394736842105263,"Non-chief","hombre","8"
"Yes","Yes",73,76,0.960526315789474,"Non-chief","hombre","8"
"No","No",2,7,0.285714285714286,"Chief","hombre","9"
"No","Yes",5,7,0.714285714285714,"Chief","hombre","9"
"Yes","No",5,164,0.0304878048780488,"Chief","hombre","9"
"Yes","Yes",159,164,0.969512195121951,"Chief","hombre","9"
"No","No",3,8,0.375,"Non-chief","hombre","9"
"No","Yes",5,8,0.625,"Non-chief","hombre","9"
"Yes","No",3,72,0.0416666666666667,"Non-chief","hombre","9"
"Yes","Yes",69,72,0.958333333333333,"Non-chief","hombre","9"
"No","No",4,12,0.333333333333333,"Chief","hombre","10"
"No","Yes",8,12,0.666666666666667,"Chief","hombre","10"
"Yes","No",2,204,0.00980392156862745,"Chief","hombre","10"
"Yes","Yes",202,204,0.990196078431373,"Chief","hombre","10"
"No","No",3,5,0.6,"Non-chief","hombre","10"
"No","Yes",2,5,0.4,"Non-chief","hombre","10"
"Yes","No",1,29,0.0344827586206897,"Non-chief","hombre","10"
"Yes","Yes",28,29,0.96551724137931,"Non-chief","hombre","10"
"No","No",1,8,0.125,"Chief","hombre","11"
"No","Yes",7,8,0.875,"Chief","hombre","11"
"Yes","No",7,159,0.0440251572327044,"Chief","hombre","11"
"Yes","Yes",152,159,0.955974842767296,"Chief","hombre","11"
"No","No",0,4,0,"Non-chief","hombre","11"
"No","Yes",4,4,1,"Non-chief","hombre","11"
"Yes","No",2,28,0.0714285714285714,"Non-chief","hombre","11"
"Yes","Yes",26,28,0.928571428571429,"Non-chief","hombre","11"
"No","No",1,6,0.166666666666667,"Chief","hombre","12"
"No","Yes",5,6,0.833333333333333,"Chief","hombre","12"
"Yes","No",8,157,0.0509554140127389,"Chief","hombre","12"
"Yes","Yes",149,157,0.949044585987261,"Chief","hombre","12"
"No","No",3,5,0.6,"Non-chief","hombre","12"
"No","Yes",2,5,0.4,"Non-chief","hombre","12"
"Yes","No",0,19,0,"Non-chief","hombre","12"
"Yes","Yes",19,19,1,"Non-chief","hombre","12"
"No","No",4,12,0.333333333333333,"Chief","hombre","13"
"No","Yes",8,12,0.666666666666667,"Chief","hombre","13"
"Yes","No",4,128,0.03125,"Chief","hombre","13"
"Yes","Yes",124,128,0.96875,"Chief","hombre","13"
"No","Yes",3,3,1,"Non-chief","hombre","13"
"Yes","Yes",17,17,1,"Non-chief","hombre","13"
"No","No",2,8,0.25,"Chief","hombre","14"
"No","Yes",6,8,0.75,"Chief","hombre","14"
"Yes","No",3,127,0.0236220472440945,"Chief","hombre","14"
"Yes","Yes",124,127,0.976377952755906,"Chief","hombre","14"
"No","No",1,3,0.333333333333333,"Non-chief","hombre","14"
"No","Yes",2,3,0.666666666666667,"Non-chief","hombre","14"
"Yes","No",2,9,0.222222222222222,"Non-chief","hombre","14"
"Yes","Yes",7,9,0.777777777777778,"Non-chief","hombre","14"
"No","No",3,5,0.6,"Chief","hombre","15"
"No","Yes",2,5,0.4,"Chief","hombre","15"
"Yes","No",2,77,0.025974025974026,"Chief","hombre","15"
"Yes","Yes",75,77,0.974025974025974,"Chief","hombre","15"
"No","No",1,1,1,"Non-chief","hombre","15"
"No","Yes",0,1,0,"Non-chief","hombre","15"
"Yes","No",1,8,0.125,"Non-chief","hombre","15"
"Yes","Yes",7,8,0.875,"Non-chief","hombre","15"
"No","No",8,12,0.666666666666667,"Chief","hombre","16"
"No","Yes",4,12,0.333333333333333,"Chief","hombre","16"
"Yes","No",3,58,0.0517241379310345,"Chief","hombre","16"
"Yes","Yes",55,58,0.948275862068966,"Chief","hombre","16"
"No","Yes",2,2,1,"Non-chief","hombre","16"
"Yes","Yes",3,3,1,"Non-chief","hombre","16"
"No","No",0,1,0,"Chief","hombre","17"
"No","Yes",1,1,1,"Chief","hombre","17"
"Yes","No",3,56,0.0535714285714286,"Chief","hombre","17"
"Yes","Yes",53,56,0.946428571428571,"Chief","hombre","17"
"No","No",6,7,0.857142857142857,"Non-chief","hombre","17"
"No","Yes",1,7,0.142857142857143,"Non-chief","hombre","17"
"Yes","No",1,16,0.0625,"Non-chief","hombre","17"
"Yes","Yes",15,16,0.9375,"Non-chief","hombre","17"
"No","No",0,0,0,"Chief","mujer","1"
"No","Yes",0,0,0,"Chief","mujer","1"
"Yes","No",0,0,0,"Chief","mujer","1"
"Yes","Yes",0,0,0,"Chief","mujer","1"
"No","No",0,0,0,"Non-chief","mujer","1"
"No","Yes",0,0,0,"Non-chief","mujer","1"
"Yes","No",0,0,0,"Non-chief","mujer","1"
"Yes","Yes",0,0,0,"Non-chief","mujer","1"
"No","No",0,0,0,"Chief","mujer","2"
"No","Yes",0,0,0,"Chief","mujer","2"
"Yes","No",0,0,0,"Chief","mujer","2"
"Yes","Yes",0,0,0,"Chief","mujer","2"
"No","No",0,0,0,"Non-chief","mujer","2"
"No","Yes",0,0,0,"Non-chief","mujer","2"
"Yes","No",0,0,0,"Non-chief","mujer","2"
"Yes","Yes",0,0,0,"Non-chief","mujer","2"
"No","No",0,0,0,"Chief","mujer","3"
"No","Yes",0,0,0,"Chief","mujer","3"
"Yes","No",0,0,0,"Chief","mujer","3"
"Yes","Yes",0,0,0,"Chief","mujer","3"
"No","No",27,38,0.710526315789474,"Non-chief","mujer","3"
"No","Yes",11,38,0.289473684210526,"Non-chief","mujer","3"
"Yes","No",15,29,0.517241379310345,"Non-chief","mujer","3"
"Yes","Yes",14,29,0.482758620689655,"Non-chief","mujer","3"
"No","No",0,1,0,"Chief","mujer","4"
"No","Yes",1,1,1,"Chief","mujer","4"
"Yes","No",1,2,0.5,"Chief","mujer","4"
"Yes","Yes",1,2,0.5,"Chief","mujer","4"
"No","No",116,192,0.604166666666667,"Non-chief","mujer","4"
"No","Yes",76,192,0.395833333333333,"Non-chief","mujer","4"
"Yes","No",53,142,0.373239436619718,"Non-chief","mujer","4"
"Yes","Yes",89,142,0.626760563380282,"Non-chief","mujer","4"
"No","No",1,1,1,"Chief","mujer","5"
"No","Yes",0,1,0,"Chief","mujer","5"
"Yes","No",1,15,0.0666666666666667,"Chief","mujer","5"
"Yes","Yes",14,15,0.933333333333333,"Chief","mujer","5"
"No","No",71,127,0.559055118110236,"Non-chief","mujer","5"
"No","Yes",56,127,0.440944881889764,"Non-chief","mujer","5"
"Yes","No",45,207,0.217391304347826,"Non-chief","mujer","5"
"Yes","Yes",162,207,0.782608695652174,"Non-chief","mujer","5"
"No","No",1,2,0.5,"Chief","mujer","6"
"No","Yes",1,2,0.5,"Chief","mujer","6"
"Yes","No",3,26,0.115384615384615,"Chief","mujer","6"
"Yes","Yes",23,26,0.884615384615385,"Chief","mujer","6"
"No","No",36,67,0.537313432835821,"Non-chief","mujer","6"
"No","Yes",31,67,0.462686567164179,"Non-chief","mujer","6"
"Yes","No",26,181,0.143646408839779,"Non-chief","mujer","6"
"Yes","Yes",155,181,0.856353591160221,"Non-chief","mujer","6"
"No","No",1,5,0.2,"Chief","mujer","7"
"No","Yes",4,5,0.8,"Chief","mujer","7"
"Yes","No",2,36,0.0555555555555556,"Chief","mujer","7"
"Yes","Yes",34,36,0.944444444444444,"Chief","mujer","7"
"No","No",27,58,0.46551724137931,"Non-chief","mujer","7"
"No","Yes",31,58,0.53448275862069,"Non-chief","mujer","7"
"Yes","No",24,180,0.133333333333333,"Non-chief","mujer","7"
"Yes","Yes",156,180,0.866666666666667,"Non-chief","mujer","7"
"No","No",2,5,0.4,"Chief","mujer","8"
"No","Yes",3,5,0.6,"Chief","mujer","8"
"Yes","No",2,51,0.0392156862745098,"Chief","mujer","8"
"Yes","Yes",49,51,0.96078431372549,"Chief","mujer","8"
"No","No",24,60,0.4,"Non-chief","mujer","8"
"No","Yes",36,60,0.6,"Non-chief","mujer","8"
"Yes","No",19,179,0.106145251396648,"Non-chief","mujer","8"
"Yes","Yes",160,179,0.893854748603352,"Non-chief","mujer","8"
"No","No",1,3,0.333333333333333,"Chief","mujer","9"
"No","Yes",2,3,0.666666666666667,"Chief","mujer","9"
"Yes","No",1,74,0.0135135135135135,"Chief","mujer","9"
"Yes","Yes",73,74,0.986486486486487,"Chief","mujer","9"
"No","No",33,65,0.507692307692308,"Non-chief","mujer","9"
"No","Yes",32,65,0.492307692307692,"Non-chief","mujer","9"
"Yes","No",13,176,0.0738636363636364,"Non-chief","mujer","9"
"Yes","Yes",163,176,0.926136363636364,"Non-chief","mujer","9"
"No","No",2,8,0.25,"Chief","mujer","10"
"No","Yes",6,8,0.75,"Chief","mujer","10"
"Yes","No",4,95,0.0421052631578947,"Chief","mujer","10"
"Yes","Yes",91,95,0.957894736842105,"Chief","mujer","10"
"No","No",31,65,0.476923076923077,"Non-chief","mujer","10"
"No","Yes",34,65,0.523076923076923,"Non-chief","mujer","10"
"Yes","No",11,163,0.0674846625766871,"Non-chief","mujer","10"
"Yes","Yes",152,163,0.932515337423313,"Non-chief","mujer","10"
"No","No",1,6,0.166666666666667,"Chief","mujer","11"
"No","Yes",5,6,0.833333333333333,"Chief","mujer","11"
"Yes","No",4,75,0.0533333333333333,"Chief","mujer","11"
"Yes","Yes",71,75,0.946666666666667,"Chief","mujer","11"
"No","No",24,50,0.48,"Non-chief","mujer","11"
"No","Yes",26,50,0.52,"Non-chief","mujer","11"
"Yes","No",12,134,0.0895522388059701,"Non-chief","mujer","11"
"Yes","Yes",122,134,0.91044776119403,"Non-chief","mujer","11"
"No","No",3,8,0.375,"Chief","mujer","12"
"No","Yes",5,8,0.625,"Chief","mujer","12"
"Yes","No",5,83,0.0602409638554217,"Chief","mujer","12"
"Yes","Yes",78,83,0.939759036144578,"Chief","mujer","12"
"No","No",21,29,0.724137931034483,"Non-chief","mujer","12"
"No","Yes",8,29,0.275862068965517,"Non-chief","mujer","12"
"Yes","No",12,91,0.131868131868132,"Non-chief","mujer","12"
"Yes","Yes",79,91,0.868131868131868,"Non-chief","mujer","12"
"No","No",4,6,0.666666666666667,"Chief","mujer","13"
"No","Yes",2,6,0.333333333333333,"Chief","mujer","13"
"Yes","No",3,63,0.0476190476190476,"Chief","mujer","13"
"Yes","Yes",60,63,0.952380952380952,"Chief","mujer","13"
"No","No",12,26,0.461538461538462,"Non-chief","mujer","13"
"No","Yes",14,26,0.538461538461538,"Non-chief","mujer","13"
"Yes","No",13,100,0.13,"Non-chief","mujer","13"
"Yes","Yes",87,100,0.87,"Non-chief","mujer","13"
"No","No",1,8,0.125,"Chief","mujer","14"
"No","Yes",7,8,0.875,"Chief","mujer","14"
"Yes","No",1,46,0.0217391304347826,"Chief","mujer","14"
"Yes","Yes",45,46,0.978260869565217,"Chief","mujer","14"
"No","No",8,29,0.275862068965517,"Non-chief","mujer","14"
"No","Yes",21,29,0.724137931034483,"Non-chief","mujer","14"
"Yes","No",5,65,0.0769230769230769,"Non-chief","mujer","14"
"Yes","Yes",60,65,0.923076923076923,"Non-chief","mujer","14"
"No","No",1,5,0.2,"Chief","mujer","15"
"No","Yes",4,5,0.8,"Chief","mujer","15"
"Yes","No",2,35,0.0571428571428571,"Chief","mujer","15"
"Yes","Yes",33,35,0.942857142857143,"Chief","mujer","15"
"No","No",11,12,0.916666666666667,"Non-chief","mujer","15"
"No","Yes",1,12,0.0833333333333333,"Non-chief","mujer","15"
"Yes","No",5,42,0.119047619047619,"Non-chief","mujer","15"
"Yes","Yes",37,42,0.880952380952381,"Non-chief","mujer","15"
"No","Yes",2,2,1,"Chief","mujer","16"
"Yes","Yes",40,40,1,"Chief","mujer","16"
"No","No",12,19,0.631578947368421,"Non-chief","mujer","16"
"No","Yes",7,19,0.368421052631579,"Non-chief","mujer","16"
"Yes","No",6,25,0.24,"Non-chief","mujer","16"
"Yes","Yes",19,25,0.76,"Non-chief","mujer","16"
"No","No",1,1,1,"Chief","mujer","17"
"No","Yes",0,1,0,"Chief","mujer","17"
"Yes","No",4,38,0.105263157894737,"Chief","mujer","17"
"Yes","Yes",34,38,0.894736842105263,"Chief","mujer","17"
"No","No",15,23,0.652173913043478,"Non-chief","mujer","17"
"No","Yes",8,23,0.347826086956522,"Non-chief","mujer","17"
"Yes","No",3,38,0.0789473684210526,"Non-chief","mujer","17"
"Yes","Yes",35,38,0.921052631578947,"Non-chief","mujer","17"
