"Age_cat","Year","Num_child","Add_child_1","Add_chl_pyy"
"15-19",2015,"0",0.106,0.0212
"20-24",2015,"0",0.47,0.094
"25-29",2015,"0",0.737,0.1474
"30-34",2015,"0",0.87,0.174
"35-39",2015,"0",0.907,0.1814
"40-44",2015,"0",0.928,0.1856
"45-49",2015,"0",0.936,0.1872
"15-19",2016,"0",0.101,0.0202
"20-24",2016,"0",0.458,0.0916
"25-29",2016,"0",0.742,0.1484
"30-34",2016,"0",0.866,0.1732
"35-39",2016,"0",0.9,0.18
"40-44",2016,"0",0.929,0.1858
"45-49",2016,"0",0.932,0.1864
"15-19",2017,"0",0.106,0.0212
"20-24",2017,"0",0.451,0.0902
"25-29",2017,"0",0.735,0.147
"30-34",2017,"0",0.851,0.1702
"35-39",2017,"0",0.893,0.1786
"40-44",2017,"0",0.919,0.1838
"45-49",2017,"0",0.931,0.1862
"15-19",2018,"0",0.093,0.0186
"20-24",2018,"0",0.43,0.086
"25-29",2018,"0",0.704,0.1408
"30-34",2018,"0",0.843,0.1686
"35-39",2018,"0",0.899,0.1798
"40-44",2018,"0",0.928,0.1856
"45-49",2018,"0",0.928,0.1856
"15-19",2019,"0",0.065,0.013
"20-24",2019,"0",0.352,0.0704
"25-29",2019,"0",0.667,0.1334
"30-34",2019,"0",0.841,0.1682
"35-39",2019,"0",0.913,0.1826
"40-44",2019,"0",0.935,0.187
"45-49",2019,"0",0.94,0.188
"15-19",2015,"1",0.011,0.0022
"20-24",2015,"1",0.147,0.0294
"25-29",2015,"1",0.409,0.0818
"30-34",2015,"1",0.626,0.1252
"35-39",2015,"1",0.748,0.1496
"40-44",2015,"1",0.811,0.1622
"45-49",2015,"1",0.835,0.167
"15-19",2016,"1",0.012,0.0024
"20-24",2016,"1",0.149,0.0298
"25-29",2016,"1",0.418,0.0836
"30-34",2016,"1",0.616,0.1232
"35-39",2016,"1",0.739,0.1478
"40-44",2016,"1",0.819,0.1638
"45-49",2016,"1",0.836,0.1672
"15-19",2017,"1",0.01,0.002
"20-24",2017,"1",0.144,0.0288
"25-29",2017,"1",0.405,0.081
"30-34",2017,"1",0.604,0.1208
"35-39",2017,"1",0.722,0.1444
"40-44",2017,"1",0.792,0.1584
"45-49",2017,"1",0.828,0.1656
"15-19",2018,"1",0.011,0.0022
"20-24",2018,"1",0.131,0.0262
"25-29",2018,"1",0.37,0.074
"30-34",2018,"1",0.594,0.1188
"35-39",2018,"1",0.727,0.1454
"40-44",2018,"1",0.783,0.1566
"45-49",2018,"1",0.818,0.1636
"15-19",2019,"1",0.007,0.0014
"20-24",2019,"1",0.102,0.0204
"25-29",2019,"1",0.349,0.0698
"30-34",2019,"1",0.583,0.1166
"35-39",2019,"1",0.736,0.1472
"40-44",2019,"1",0.804,0.1608
"45-49",2019,"1",0.814,0.1628
"15-19",2015,"2",0,0
"20-24",2015,"2",0.03,0.006
"25-29",2015,"2",0.143,0.0286
"30-34",2015,"2",0.313,0.0626
"35-39",2015,"2",0.44,0.088
"40-44",2015,"2",0.544,0.1088
"45-49",2015,"2",0.609,0.1218
"15-19",2016,"2",0.001,2e-04
"20-24",2016,"2",0.031,0.0062
"25-29",2016,"2",0.145,0.029
"30-34",2016,"2",0.296,0.0592
"35-39",2016,"2",0.434,0.0868
"40-44",2016,"2",0.55,0.11
"45-49",2016,"2",0.616,0.1232
"15-19",2017,"2",0,0
"20-24",2017,"2",0.029,0.0058
"25-29",2017,"2",0.133,0.0266
"30-34",2017,"2",0.277,0.0554
"35-39",2017,"2",0.424,0.0848
"40-44",2017,"2",0.526,0.1052
"45-49",2017,"2",0.598,0.1196
"15-19",2018,"2",0.001,2e-04
"20-24",2018,"2",0.025,0.005
"25-29",2018,"2",0.117,0.0234
"30-34",2018,"2",0.274,0.0548
"35-39",2018,"2",0.409,0.0818
"40-44",2018,"2",0.503,0.1006
"45-49",2018,"2",0.568,0.1136
"15-19",2019,"2",0.001,2e-04
"20-24",2019,"2",0.017,0.0034
"25-29",2019,"2",0.103,0.0206
"30-34",2019,"2",0.265,0.053
"35-39",2019,"2",0.417,0.0834
"40-44",2019,"2",0.524,0.1048
"45-49",2019,"2",0.526,0.1052
"15-19",2015,"3",0,0
"20-24",2015,"3",0.004,8e-04
"25-29",2015,"3",0.042,0.0084
"30-34",2015,"3",0.129,0.0258
"35-39",2015,"3",0.228,0.0456
"40-44",2015,"3",0.323,0.0646
"45-49",2015,"3",0.403,0.0806
"15-19",2016,"3",0,0
"20-24",2016,"3",0.005,0.001
"25-29",2016,"3",0.04,0.008
"30-34",2016,"3",0.121,0.0242
"35-39",2016,"3",0.217,0.0434
"40-44",2016,"3",0.314,0.0628
"45-49",2016,"3",0.397,0.0794
"15-19",2017,"3",0,0
"20-24",2017,"3",0.004,8e-04
"25-29",2017,"3",0.038,0.0076
"30-34",2017,"3",0.105,0.021
"35-39",2017,"3",0.201,0.0402
"40-44",2017,"3",0.297,0.0594
"45-49",2017,"3",0.356,0.0712
"15-19",2018,"3",0,0
"20-24",2018,"3",0.005,0.001
"25-29",2018,"3",0.032,0.0064
"30-34",2018,"3",0.098,0.0196
"35-39",2018,"3",0.187,0.0374
"40-44",2018,"3",0.28,0.056
"45-49",2018,"3",0.331,0.0662
"15-19",2019,"3",0,0
"20-24",2019,"3",0.002,4e-04
"25-29",2019,"3",0.023,0.0046
"30-34",2019,"3",0.095,0.019
"35-39",2019,"3",0.188,0.0376
"40-44",2019,"3",0.262,0.0524
"45-49",2019,"3",0.305,0.061
"15-19",2015,"4",0,0
"20-24",2015,"4",0,0
"25-29",2015,"4",0.011,0.0022
"30-34",2015,"4",0.051,0.0102
"35-39",2015,"4",0.115,0.023
"40-44",2015,"4",0.184,0.0368
"45-49",2015,"4",0.252,0.0504
"15-19",2016,"4",0,0
"20-24",2016,"4",0.001,2e-04
"25-29",2016,"4",0.011,0.0022
"30-34",2016,"4",0.046,0.0092
"35-39",2016,"4",0.103,0.0206
"40-44",2016,"4",0.174,0.0348
"45-49",2016,"4",0.243,0.0486
"15-19",2017,"4",0,0
"20-24",2017,"4",0.001,2e-04
"25-29",2017,"4",0.011,0.0022
"30-34",2017,"4",0.037,0.0074
"35-39",2017,"4",0.094,0.0188
"40-44",2017,"4",0.155,0.031
"45-49",2017,"4",0.212,0.0424
"15-19",2018,"4",0,0
"20-24",2018,"4",0.001,2e-04
"25-29",2018,"4",0.007,0.0014
"30-34",2018,"4",0.034,0.0068
"35-39",2018,"4",0.084,0.0168
"40-44",2018,"4",0.14,0.028
"45-49",2018,"4",0.2,0.04
"15-19",2019,"4",0,0
"20-24",2019,"4",0,0
"25-29",2019,"4",0.004,8e-04
"30-34",2019,"4",0.031,0.0062
"35-39",2019,"4",0.069,0.0138
"40-44",2019,"4",0.131,0.0262
"45-49",2019,"4",0.172,0.0344
"15-19",2015,"5+",0,0
"20-24",2015,"5+",0,0
"25-29",2015,"5+",0,0
"30-34",2015,"5+",0,0
"35-39",2015,"5+",0,0
"40-44",2015,"5+",0,0
"45-49",2015,"5+",0,0
"15-19",2016,"5+",0,0
"20-24",2016,"5+",0,0
"25-29",2016,"5+",0,0
"30-34",2016,"5+",0,0
"35-39",2016,"5+",0,0
"40-44",2016,"5+",0,0
"45-49",2016,"5+",0,0
"15-19",2017,"5+",0,0
"20-24",2017,"5+",0,0
"25-29",2017,"5+",0,0
"30-34",2017,"5+",0,0
"35-39",2017,"5+",0,0
"40-44",2017,"5+",0,0
"45-49",2017,"5+",0,0
"15-19",2018,"5+",0,0
"20-24",2018,"5+",0,0
"25-29",2018,"5+",0,0
"30-34",2018,"5+",0,0
"35-39",2018,"5+",0,0
"40-44",2018,"5+",0,0
"45-49",2018,"5+",0,0
"15-19",2019,"5+",0,0
"20-24",2019,"5+",0,0
"25-29",2019,"5+",0,0
"30-34",2019,"5+",0,0
"35-39",2019,"5+",0,0
"40-44",2019,"5+",0,0
"45-49",2019,"5+",0,0
"15-19",2020,"0",0.0671999999999934,0.0134399999999987
"15-19",2021,"0",0.0581999999999948,0.011639999999999
"15-19",2022,"0",0.0491999999999939,0.00983999999999878
"15-19",2023,"0",0.040199999999993,0.0080399999999986
"15-19",2024,"0",0.0311999999999944,0.00623999999999887
"15-19",2025,"0",0.0221999999999935,0.00443999999999869
"15-19",2026,"0",0.0131999999999925,0.00263999999999851
"15-19",2027,"0",0.00419999999999391,0.000839999999998781
"15-19",2028,"0",0,0
"15-19",2029,"0",0,0
"15-19",2030,"0",0,0
"15-19",2031,"0",0,0
"15-19",2032,"0",0,0
"15-19",2033,"0",0,0
"15-19",2034,"0",0,0
"15-19",2035,"0",0,0
"15-19",2036,"0",0,0
"15-19",2037,"0",0,0
"15-19",2038,"0",0,0
"15-19",2039,"0",0,0
"15-19",2040,"0",0,0
"15-19",2020,"1",0.0074999999999995,0.0014999999999999
"15-19",2021,"1",0.00659999999999933,0.00131999999999987
"15-19",2022,"1",0.00569999999999951,0.0011399999999999
"15-19",2023,"1",0.00479999999999933,0.000959999999999866
"15-19",2024,"1",0.00389999999999951,0.000779999999999902
"15-19",2025,"1",0.0029999999999994,0.000599999999999881
"15-19",2026,"1",0.00240000000000009,0.000480000000000018
"15-19",2027,"1",0.00260000000000012,0.000520000000000024
"15-19",2028,"1",0.00280000000000008,0.000560000000000016
"15-19",2029,"1",0.00300000000000011,0.000600000000000023
"15-19",2030,"1",0.00320000000000007,0.000640000000000015
"15-19",2031,"1",0.00340000000000011,0.000680000000000021
"15-19",2032,"1",0.00360000000000014,0.000720000000000027
"15-19",2033,"1",0.0038000000000001,0.000760000000000019
"15-19",2034,"1",0.00400000000000013,0.000800000000000026
"15-19",2035,"1",0.00420000000000009,0.000840000000000018
"15-19",2036,"1",0.00440000000000012,0.000880000000000024
"15-19",2037,"1",0.00460000000000015,0.00092000000000003
"15-19",2038,"1",0.00480000000000011,0.000960000000000022
"15-19",2039,"1",0.00500000000000014,0.00100000000000003
"15-19",2040,"1",0.0052000000000001,0.00104000000000002
"15-19",2020,"2",0.00120000000000012,0.000240000000000023
"15-19",2021,"2",0.00140000000000008,0.000280000000000015
"15-19",2022,"2",0.00160000000000011,0.000320000000000022
"15-19",2023,"2",0.00180000000000007,0.000360000000000014
"15-19",2024,"2",0.0020000000000001,0.00040000000000002
"15-19",2025,"2",0.00220000000000013,0.000440000000000026
"15-19",2026,"2",0.00240000000000009,0.000480000000000018
"15-19",2027,"2",0.00260000000000012,0.000520000000000024
"15-19",2028,"2",0.00280000000000008,0.000560000000000016
"15-19",2029,"2",0.00300000000000011,0.000600000000000023
"15-19",2030,"2",0.00320000000000007,0.000640000000000015
"15-19",2031,"2",0.00340000000000011,0.000680000000000021
"15-19",2032,"2",0.00360000000000014,0.000720000000000027
"15-19",2033,"2",0.0038000000000001,0.000760000000000019
"15-19",2034,"2",0.00400000000000013,0.000800000000000026
"15-19",2035,"2",0.00420000000000009,0.000840000000000018
"15-19",2036,"2",0.00440000000000012,0.000880000000000024
"15-19",2037,"2",0.00460000000000015,0.00092000000000003
"15-19",2038,"2",0.00480000000000011,0.000960000000000022
"15-19",2039,"2",0.00500000000000014,0.00100000000000003
"15-19",2040,"2",0.0052000000000001,0.00104000000000002
"15-19",2020,"3",0,0
"15-19",2021,"3",0,0
"15-19",2022,"3",0,0
"15-19",2023,"3",0,0
"15-19",2024,"3",0,0
"15-19",2025,"3",0,0
"15-19",2026,"3",0,0
"15-19",2027,"3",0,0
"15-19",2028,"3",0,0
"15-19",2029,"3",0,0
"15-19",2030,"3",0,0
"15-19",2031,"3",0,0
"15-19",2032,"3",0,0
"15-19",2033,"3",0,0
"15-19",2034,"3",0,0
"15-19",2035,"3",0,0
"15-19",2036,"3",0,0
"15-19",2037,"3",0,0
"15-19",2038,"3",0,0
"15-19",2039,"3",0,0
"15-19",2040,"3",0,0
"15-19",2020,"4",0,0
"15-19",2021,"4",0,0
"15-19",2022,"4",0,0
"15-19",2023,"4",0,0
"15-19",2024,"4",0,0
"15-19",2025,"4",0,0
"15-19",2026,"4",0,0
"15-19",2027,"4",0,0
"15-19",2028,"4",0,0
"15-19",2029,"4",0,0
"15-19",2030,"4",0,0
"15-19",2031,"4",0,0
"15-19",2032,"4",0,0
"15-19",2033,"4",0,0
"15-19",2034,"4",0,0
"15-19",2035,"4",0,0
"15-19",2036,"4",0,0
"15-19",2037,"4",0,0
"15-19",2038,"4",0,0
"15-19",2039,"4",0,0
"15-19",2040,"4",0,0
"15-19",2020,"5+",0,0
"15-19",2021,"5+",0,0
"15-19",2022,"5+",0,0
"15-19",2023,"5+",0,0
"15-19",2024,"5+",0,0
"15-19",2025,"5+",0,0
"15-19",2026,"5+",0,0
"15-19",2027,"5+",0,0
"15-19",2028,"5+",0,0
"15-19",2029,"5+",0,0
"15-19",2030,"5+",0,0
"15-19",2031,"5+",0,0
"15-19",2032,"5+",0,0
"15-19",2033,"5+",0,0
"15-19",2034,"5+",0,0
"15-19",2035,"5+",0,0
"15-19",2036,"5+",0,0
"15-19",2037,"5+",0,0
"15-19",2038,"5+",0,0
"15-19",2039,"5+",0,0
"15-19",2040,"5+",0,0
"20-24",2020,"0",0.352999999999993,0.0705999999999985
"20-24",2021,"0",0.326599999999989,0.0653199999999979
"20-24",2022,"0",0.300199999999986,0.0600399999999972
"20-24",2023,"0",0.273799999999992,0.0547599999999984
"20-24",2024,"0",0.247399999999989,0.0494799999999977
"20-24",2025,"0",0.220999999999985,0.0441999999999971
"20-24",2026,"0",0.194599999999982,0.0389199999999964
"20-24",2027,"0",0.168199999999988,0.0336399999999976
"20-24",2028,"0",0.141799999999985,0.0283599999999969
"20-24",2029,"0",0.115399999999981,0.0230799999999963
"20-24",2030,"0",0.0889999999999873,0.0177999999999975
"20-24",2031,"0",0.062599999999984,0.0125199999999968
"20-24",2032,"0",0.0361999999999807,0.00723999999999614
"20-24",2033,"0",0.00979999999998654,0.00195999999999731
"20-24",2034,"0",0,0
"20-24",2035,"0",0,0
"20-24",2036,"0",0,0
"20-24",2037,"0",0,0
"20-24",2038,"0",0,0
"20-24",2039,"0",0,0
"20-24",2040,"0",0,0
"20-24",2020,"1",0.102199999999993,0.0204399999999987
"20-24",2021,"1",0.0913999999999939,0.0182799999999988
"20-24",2022,"1",0.0805999999999941,0.0161199999999988
"20-24",2023,"1",0.0697999999999933,0.0139599999999987
"20-24",2024,"1",0.0589999999999937,0.0117999999999987
"20-24",2025,"1",0.0481999999999952,0.00963999999999903
"20-24",2026,"1",0.0403999999999956,0.00807999999999912
"20-24",2027,"1",0.0327999999999957,0.00655999999999914
"20-24",2028,"1",0.0251999999999935,0.0050399999999987
"20-24",2029,"1",0.0175999999999936,0.00351999999999872
"20-24",2030,"1",0.00999999999999366,0.00199999999999873
"20-24",2031,"1",0.00239999999999375,0.000479999999998749
"20-24",2032,"1",0.000599999999999925,0.000119999999999985
"20-24",2033,"1",0.00059999999999992,0.000119999999999984
"20-24",2034,"1",0.000599999999999915,0.000119999999999983
"20-24",2035,"1",0.00059999999999991,0.000119999999999982
"20-24",2036,"1",0.000599999999999905,0.000119999999999981
"20-24",2037,"1",0.0005999999999999,0.00011999999999998
"20-24",2038,"1",0.000599999999999895,0.000119999999999979
"20-24",2039,"1",0.00059999999999989,0.000119999999999978
"20-24",2040,"1",0.000599999999999885,0.000119999999999977
"20-24",2020,"2",0.0167999999999983,0.00335999999999967
"20-24",2021,"2",0.0135999999999987,0.00271999999999973
"20-24",2022,"2",0.0103999999999989,0.00207999999999978
"20-24",2023,"2",0.00719999999999795,0.00143999999999959
"20-24",2024,"2",0.00399999999999829,0.000799999999999659
"20-24",2025,"2",0.000799999999999636,0.000159999999999927
"20-24",2026,"2",0.000599999999999955,0.000119999999999991
"20-24",2027,"2",0.00059999999999995,0.00011999999999999
"20-24",2028,"2",0.000599999999999945,0.000119999999999989
"20-24",2029,"2",0.00059999999999994,0.000119999999999988
"20-24",2030,"2",0.000599999999999935,0.000119999999999987
"20-24",2031,"2",0.00059999999999993,0.000119999999999986
"20-24",2032,"2",0.000599999999999925,0.000119999999999985
"20-24",2033,"2",0.00059999999999992,0.000119999999999984
"20-24",2034,"2",0.000599999999999915,0.000119999999999983
"20-24",2035,"2",0.00059999999999991,0.000119999999999982
"20-24",2036,"2",0.000599999999999905,0.000119999999999981
"20-24",2037,"2",0.0005999999999999,0.00011999999999998
"20-24",2038,"2",0.000599999999999895,0.000119999999999979
"20-24",2039,"2",0.00059999999999989,0.000119999999999978
"20-24",2040,"2",0.000599999999999885,0.000119999999999977
"20-24",2020,"3",0.00279999999999969,0.000559999999999938
"20-24",2021,"3",0.00239999999999976,0.000479999999999953
"20-24",2022,"3",0.0019999999999997,0.000399999999999939
"20-24",2023,"3",0.00159999999999963,0.000319999999999926
"20-24",2024,"3",0.0011999999999997,0.000239999999999941
"20-24",2025,"3",0.000799999999999636,0.000159999999999927
"20-24",2026,"3",0.000599999999999955,0.000119999999999991
"20-24",2027,"3",0.00059999999999995,0.00011999999999999
"20-24",2028,"3",0.000599999999999945,0.000119999999999989
"20-24",2029,"3",0.00059999999999994,0.000119999999999988
"20-24",2030,"3",0.000599999999999935,0.000119999999999987
"20-24",2031,"3",0.00059999999999993,0.000119999999999986
"20-24",2032,"3",0.000599999999999925,0.000119999999999985
"20-24",2033,"3",0.00059999999999992,0.000119999999999984
"20-24",2034,"3",0.000599999999999915,0.000119999999999983
"20-24",2035,"3",0.00059999999999991,0.000119999999999982
"20-24",2036,"3",0.000599999999999905,0.000119999999999981
"20-24",2037,"3",0.0005999999999999,0.00011999999999998
"20-24",2038,"3",0.000599999999999895,0.000119999999999979
"20-24",2039,"3",0.00059999999999989,0.000119999999999978
"20-24",2040,"3",0.000599999999999885,0.000119999999999977
"20-24",2020,"4",0.000599999999999985,0.000119999999999997
"20-24",2021,"4",0.00059999999999998,0.000119999999999996
"20-24",2022,"4",0.000599999999999975,0.000119999999999995
"20-24",2023,"4",0.00059999999999997,0.000119999999999994
"20-24",2024,"4",0.000599999999999965,0.000119999999999993
"20-24",2025,"4",0.00059999999999996,0.000119999999999992
"20-24",2026,"4",0.000599999999999955,0.000119999999999991
"20-24",2027,"4",0.00059999999999995,0.00011999999999999
"20-24",2028,"4",0,0
"20-24",2029,"4",0,0
"20-24",2030,"4",0,0
"20-24",2031,"4",0,0
"20-24",2032,"4",0,0
"20-24",2033,"4",0,0
"20-24",2034,"4",0,0
"20-24",2035,"4",0,0
"20-24",2036,"4",0,0
"20-24",2037,"4",0,0
"20-24",2038,"4",0,0
"20-24",2039,"4",0,0
"20-24",2040,"4",0,0
"20-24",2020,"5+",0,0
"20-24",2021,"5+",0,0
"20-24",2022,"5+",0,0
"20-24",2023,"5+",0,0
"20-24",2024,"5+",0,0
"20-24",2025,"5+",0,0
"20-24",2026,"5+",0,0
"20-24",2027,"5+",0,0
"20-24",2028,"5+",0,0
"20-24",2029,"5+",0,0
"20-24",2030,"5+",0,0
"20-24",2031,"5+",0,0
"20-24",2032,"5+",0,0
"20-24",2033,"5+",0,0
"20-24",2034,"5+",0,0
"20-24",2035,"5+",0,0
"20-24",2036,"5+",0,0
"20-24",2037,"5+",0,0
"20-24",2038,"5+",0,0
"20-24",2039,"5+",0,0
"20-24",2040,"5+",0,0
"25-29",2020,"0",0.663599999999992,0.132719999999998
"25-29",2021,"0",0.645799999999995,0.129159999999999
"25-29",2022,"0",0.627999999999993,0.125599999999999
"25-29",2023,"0",0.610199999999991,0.122039999999998
"25-29",2024,"0",0.592399999999993,0.118479999999999
"25-29",2025,"0",0.574599999999991,0.114919999999998
"25-29",2026,"0",0.556799999999989,0.111359999999998
"25-29",2027,"0",0.538999999999992,0.107799999999998
"25-29",2028,"0",0.52119999999999,0.104239999999998
"25-29",2029,"0",0.503399999999988,0.100679999999998
"25-29",2030,"0",0.48559999999999,0.0971199999999981
"25-29",2031,"0",0.467799999999988,0.0935599999999977
"25-29",2032,"0",0.449999999999986,0.0899999999999973
"25-29",2033,"0",0.432199999999989,0.0864399999999978
"25-29",2034,"0",0.414399999999987,0.0828799999999974
"25-29",2035,"0",0.396599999999989,0.0793199999999979
"25-29",2036,"0",0.378799999999987,0.0757599999999975
"25-29",2037,"0",0.360999999999985,0.0721999999999971
"25-29",2038,"0",0.343199999999988,0.0686399999999976
"25-29",2039,"0",0.325399999999986,0.0650799999999972
"25-29",2040,"0",0.307599999999984,0.0615199999999968
"25-29",2020,"1",0.33979999999999,0.067959999999998
"25-29",2021,"1",0.322999999999992,0.0645999999999984
"25-29",2022,"1",0.306399999999991,0.0612799999999982
"25-29",2023,"1",0.29139999999999,0.0582799999999979
"25-29",2024,"1",0.27639999999999,0.0552799999999979
"25-29",2025,"1",0.26139999999999,0.0522799999999979
"25-29",2026,"1",0.246399999999988,0.0492799999999977
"25-29",2027,"1",0.23319999999999,0.0466399999999981
"25-29",2028,"1",0.220999999999992,0.0441999999999984
"25-29",2029,"1",0.20879999999999,0.0417599999999979
"25-29",2030,"1",0.196599999999992,0.0393199999999983
"25-29",2031,"1",0.184399999999989,0.0368799999999978
"25-29",2032,"1",0.172199999999991,0.0344399999999982
"25-29",2033,"1",0.165999999999995,0.0331999999999989
"25-29",2034,"1",0.159999999999995,0.0319999999999991
"25-29",2035,"1",0.153999999999994,0.0307999999999988
"25-29",2036,"1",0.147999999999995,0.029599999999999
"25-29",2037,"1",0.141999999999994,0.0283999999999987
"25-29",2038,"1",0.135999999999995,0.0271999999999989
"25-29",2039,"1",0.129999999999993,0.0259999999999986
"25-29",2040,"1",0.123999999999994,0.0247999999999988
"25-29",2020,"2",0.0957999999999936,0.0191599999999987
"25-29",2021,"2",0.0849999999999949,0.016999999999999
"25-29",2022,"2",0.0743999999999949,0.014879999999999
"25-29",2023,"2",0.0653999999999928,0.0130799999999986
"25-29",2024,"2",0.0563999999999942,0.0112799999999988
"25-29",2025,"2",0.0473999999999933,0.00947999999999865
"25-29",2026,"2",0.0383999999999935,0.0076799999999987
"25-29",2027,"2",0.0311999999999944,0.00623999999999887
"25-29",2028,"2",0.0249999999999955,0.00499999999999909
"25-29",2029,"2",0.0187999999999943,0.00375999999999885
"25-29",2030,"2",0.0125999999999954,0.00251999999999907
"25-29",2031,"2",0.00639999999999418,0.00127999999999884
"25-29",2032,"2",0.000199999999995271,3.99999999990541e-05
"25-29",2033,"2",0,0
"25-29",2034,"2",0,0
"25-29",2035,"2",0,0
"25-29",2036,"2",0,0
"25-29",2037,"2",0,0
"25-29",2038,"2",0,0
"25-29",2039,"2",0,0
"25-29",2040,"2",0,0
"25-29",2020,"3",0.0211999999999978,0.00423999999999955
"25-29",2021,"3",0.016599999999998,0.0033199999999996
"25-29",2022,"3",0.0121999999999991,0.00243999999999983
"25-29",2023,"3",0.00939999999999827,0.00187999999999965
"25-29",2024,"3",0.00659999999999854,0.00131999999999971
"25-29",2025,"3",0.00379999999999882,0.000759999999999764
"25-29",2026,"3",0.000999999999997954,0.000199999999999591
"25-29",2027,"3",0,0
"25-29",2028,"3",0,0
"25-29",2029,"3",0,0
"25-29",2030,"3",0,0
"25-29",2031,"3",0,0
"25-29",2032,"3",0,0
"25-29",2033,"3",0,0
"25-29",2034,"3",0,0
"25-29",2035,"3",0,0
"25-29",2036,"3",0,0
"25-29",2037,"3",0,0
"25-29",2038,"3",0,0
"25-29",2039,"3",0,0
"25-29",2040,"3",0,0
"25-29",2020,"4",0.00339999999999918,0.000679999999999836
"25-29",2021,"4",0.00159999999999911,0.000319999999999823
"25-29",2022,"4",0,0
"25-29",2023,"4",0,0
"25-29",2024,"4",0,0
"25-29",2025,"4",0,0
"25-29",2026,"4",0,0
"25-29",2027,"4",0,0
"25-29",2028,"4",0,0
"25-29",2029,"4",0,0
"25-29",2030,"4",0,0
"25-29",2031,"4",0,0
"25-29",2032,"4",0,0
"25-29",2033,"4",0,0
"25-29",2034,"4",0,0
"25-29",2035,"4",0,0
"25-29",2036,"4",0,0
"25-29",2037,"4",0,0
"25-29",2038,"4",0,0
"25-29",2039,"4",0,0
"25-29",2040,"4",0,0
"25-29",2020,"5+",0,0
"25-29",2021,"5+",0,0
"25-29",2022,"5+",0,0
"25-29",2023,"5+",0,0
"25-29",2024,"5+",0,0
"25-29",2025,"5+",0,0
"25-29",2026,"5+",0,0
"25-29",2027,"5+",0,0
"25-29",2028,"5+",0,0
"25-29",2029,"5+",0,0
"25-29",2030,"5+",0,0
"25-29",2031,"5+",0,0
"25-29",2032,"5+",0,0
"25-29",2033,"5+",0,0
"25-29",2034,"5+",0,0
"25-29",2035,"5+",0,0
"25-29",2036,"5+",0,0
"25-29",2037,"5+",0,0
"25-29",2038,"5+",0,0
"25-29",2039,"5+",0,0
"25-29",2040,"5+",0,0
"30-34",2020,"0",0.829899999999996,0.165979999999999
"30-34",2021,"0",0.821799999999996,0.164359999999999
"30-34",2022,"0",0.813699999999997,0.162739999999999
"30-34",2023,"0",0.805599999999995,0.161119999999999
"30-34",2024,"0",0.797499999999995,0.159499999999999
"30-34",2025,"0",0.789399999999996,0.157879999999999
"30-34",2026,"0",0.781299999999997,0.156259999999999
"30-34",2027,"0",0.773199999999995,0.154639999999999
"30-34",2028,"0",0.765099999999995,0.153019999999999
"30-34",2029,"0",0.756999999999996,0.151399999999999
"30-34",2030,"0",0.748899999999994,0.149779999999999
"30-34",2031,"0",0.740799999999995,0.148159999999999
"30-34",2032,"0",0.732699999999995,0.146539999999999
"30-34",2033,"0",0.724599999999994,0.144919999999999
"30-34",2034,"0",0.716499999999994,0.143299999999999
"30-34",2035,"0",0.708399999999995,0.141679999999999
"30-34",2036,"0",0.700299999999995,0.140059999999999
"30-34",2037,"0",0.692199999999993,0.138439999999999
"30-34",2038,"0",0.684099999999994,0.136819999999999
"30-34",2039,"0",0.675999999999994,0.135199999999999
"30-34",2040,"0",0.667899999999993,0.133579999999999
"30-34",2020,"1",0.572199999999995,0.114439999999999
"30-34",2021,"1",0.561399999999995,0.112279999999999
"30-34",2022,"1",0.550599999999995,0.110119999999999
"30-34",2023,"1",0.539799999999995,0.107959999999999
"30-34",2024,"1",0.528999999999994,0.105799999999999
"30-34",2025,"1",0.519999999999996,0.103999999999999
"30-34",2026,"1",0.514399999999996,0.102879999999999
"30-34",2027,"1",0.508799999999996,0.101759999999999
"30-34",2028,"1",0.503199999999995,0.100639999999999
"30-34",2029,"1",0.497599999999994,0.0995199999999989
"30-34",2030,"1",0.491999999999995,0.098399999999999
"30-34",2031,"1",0.486399999999995,0.097279999999999
"30-34",2032,"1",0.480799999999995,0.0961599999999991
"30-34",2033,"1",0.475199999999996,0.0950399999999991
"30-34",2034,"1",0.469599999999995,0.0939199999999989
"30-34",2035,"1",0.464399999999997,0.0928799999999994
"30-34",2036,"1",0.462699999999997,0.0925399999999995
"30-34",2037,"1",0.460999999999997,0.0921999999999995
"30-34",2038,"1",0.459299999999997,0.0918599999999995
"30-34",2039,"1",0.457599999999998,0.0915199999999995
"30-34",2040,"1",0.455899999999997,0.0911799999999993
"30-34",2020,"2",0.249599999999995,0.0499199999999989
"30-34",2021,"2",0.237799999999995,0.047559999999999
"30-34",2022,"2",0.225999999999995,0.0451999999999989
"30-34",2023,"2",0.214199999999995,0.042839999999999
"30-34",2024,"2",0.202399999999994,0.0404799999999989
"30-34",2025,"2",0.192399999999996,0.0384799999999991
"30-34",2026,"2",0.185799999999996,0.0371599999999992
"30-34",2027,"2",0.179199999999996,0.0358399999999992
"30-34",2028,"2",0.172599999999995,0.0345199999999991
"30-34",2029,"2",0.165999999999995,0.0331999999999989
"30-34",2030,"2",0.159399999999995,0.031879999999999
"30-34",2031,"2",0.152799999999995,0.030559999999999
"30-34",2032,"2",0.146199999999996,0.0292399999999991
"30-34",2033,"2",0.139599999999996,0.0279199999999992
"30-34",2034,"2",0.132999999999995,0.026599999999999
"30-34",2035,"2",0.126799999999997,0.0253599999999994
"30-34",2036,"2",0.124099999999997,0.0248199999999995
"30-34",2037,"2",0.121399999999998,0.0242799999999995
"30-34",2038,"2",0.118699999999998,0.0237399999999996
"30-34",2039,"2",0.115999999999998,0.0231999999999996
"30-34",2040,"2",0.113299999999997,0.0226599999999994
"30-34",2020,"3",0.0822999999999968,0.0164599999999994
"30-34",2021,"3",0.0731999999999971,0.0146399999999994
"30-34",2022,"3",0.0640999999999963,0.0128199999999993
"30-34",2023,"3",0.0549999999999966,0.0109999999999993
"30-34",2024,"3",0.0458999999999969,0.00917999999999938
"30-34",2025,"3",0.0385999999999979,0.00771999999999957
"30-34",2026,"3",0.034699999999998,0.0069399999999996
"30-34",2027,"3",0.0307999999999981,0.00615999999999963
"30-34",2028,"3",0.0268999999999971,0.00537999999999943
"30-34",2029,"3",0.0229999999999973,0.00459999999999945
"30-34",2030,"3",0.0190999999999974,0.00381999999999948
"30-34",2031,"3",0.0151999999999975,0.00303999999999951
"30-34",2032,"3",0.0112999999999977,0.00225999999999954
"30-34",2033,"3",0.00739999999999782,0.00147999999999956
"30-34",2034,"3",0.00349999999999682,0.000699999999999363
"30-34",2035,"3",0,0
"30-34",2036,"3",0,0
"30-34",2037,"3",0,0
"30-34",2038,"3",0,0
"30-34",2039,"3",0,0
"30-34",2040,"3",0,0
"30-34",2020,"4",0.0241999999999985,0.00483999999999969
"30-34",2021,"4",0.0189999999999986,0.00379999999999973
"30-34",2022,"4",0.0137999999999988,0.00275999999999976
"30-34",2023,"4",0.008599999999999,0.0017199999999998
"30-34",2024,"4",0.00339999999999918,0.000679999999999836
"30-34",2025,"4",0,0
"30-34",2026,"4",0,0
"30-34",2027,"4",0,0
"30-34",2028,"4",0,0
"30-34",2029,"4",0,0
"30-34",2030,"4",0,0
"30-34",2031,"4",0,0
"30-34",2032,"4",0,0
"30-34",2033,"4",0,0
"30-34",2034,"4",0,0
"30-34",2035,"4",0,0
"30-34",2036,"4",0,0
"30-34",2037,"4",0,0
"30-34",2038,"4",0,0
"30-34",2039,"4",0,0
"30-34",2040,"4",0,0
"30-34",2020,"5+",0,0
"30-34",2021,"5+",0,0
"30-34",2022,"5+",0,0
"30-34",2023,"5+",0,0
"30-34",2024,"5+",0,0
"30-34",2025,"5+",0,0
"30-34",2026,"5+",0,0
"30-34",2027,"5+",0,0
"30-34",2028,"5+",0,0
"30-34",2029,"5+",0,0
"30-34",2030,"5+",0,0
"30-34",2031,"5+",0,0
"30-34",2032,"5+",0,0
"30-34",2033,"5+",0,0
"30-34",2034,"5+",0,0
"30-34",2035,"5+",0,0
"30-34",2036,"5+",0,0
"30-34",2037,"5+",0,0
"30-34",2038,"5+",0,0
"30-34",2039,"5+",0,0
"30-34",2040,"5+",0,0
"35-39",2020,"0",0.905700000000001,0.18114
"35-39",2021,"0",0.906800000000001,0.18136
"35-39",2022,"0",0.907900000000001,0.18158
"35-39",2023,"0",0.909000000000001,0.1818
"35-39",2024,"0",0.910100000000001,0.18202
"35-39",2025,"0",0.911200000000001,0.18224
"35-39",2026,"0",0.912300000000001,0.18246
"35-39",2027,"0",0.913400000000001,0.18268
"35-39",2028,"0",0.914500000000001,0.1829
"35-39",2029,"0",0.915600000000001,0.18312
"35-39",2030,"0",0.916700000000002,0.18334
"35-39",2031,"0",0.917800000000002,0.18356
"35-39",2032,"0",0.918900000000002,0.18378
"35-39",2033,"0",0.920000000000002,0.184
"35-39",2034,"0",0.921100000000002,0.18422
"35-39",2035,"0",0.922200000000002,0.18444
"35-39",2036,"0",0.923300000000002,0.18466
"35-39",2037,"0",0.924400000000002,0.18488
"35-39",2038,"0",0.925500000000002,0.1851
"35-39",2039,"0",0.926600000000003,0.185320000000001
"35-39",2040,"0",0.927700000000002,0.18554
"35-39",2020,"1",0.723599999999997,0.144719999999999
"35-39",2021,"1",0.72,0.144
"35-39",2022,"1",0.716399999999998,0.14328
"35-39",2023,"1",0.712799999999997,0.142559999999999
"35-39",2024,"1",0.709199999999997,0.141839999999999
"35-39",2025,"1",0.7056,0.14112
"35-39",2026,"1",0.708900000000004,0.141780000000001
"35-39",2027,"1",0.716400000000004,0.143280000000001
"35-39",2028,"1",0.723900000000004,0.144780000000001
"35-39",2029,"1",0.731400000000006,0.146280000000001
"35-39",2030,"1",0.738900000000006,0.147780000000001
"35-39",2031,"1",0.746400000000006,0.149280000000001
"35-39",2032,"1",0.753900000000006,0.150780000000001
"35-39",2033,"1",0.761400000000005,0.152280000000001
"35-39",2034,"1",0.768900000000005,0.153780000000001
"35-39",2035,"1",0.776400000000006,0.155280000000001
"35-39",2036,"1",0.783900000000007,0.156780000000001
"35-39",2037,"1",0.791400000000007,0.158280000000001
"35-39",2038,"1",0.798900000000007,0.159780000000001
"35-39",2039,"1",0.806400000000007,0.161280000000001
"35-39",2040,"1",0.813900000000008,0.162780000000002
"35-39",2020,"2",0.403499999999995,0.080699999999999
"35-39",2021,"2",0.396399999999998,0.0792799999999996
"35-39",2022,"2",0.389299999999997,0.0778599999999993
"35-39",2023,"2",0.382199999999995,0.076439999999999
"35-39",2024,"2",0.375099999999995,0.075019999999999
"35-39",2025,"2",0.367999999999998,0.0735999999999996
"35-39",2026,"2",0.367800000000002,0.0735600000000004
"35-39",2027,"2",0.369399999999986,0.0738799999999971
"35-39",2028,"2",0.355499999999996,0.0710999999999992
"35-39",2029,"2",0.354399999999997,0.0708799999999994
"35-39",2030,"2",0.353299999999996,0.0706599999999992
"35-39",2031,"2",0.352199999999997,0.0704399999999994
"35-39",2032,"2",0.351099999999997,0.0702199999999994
"35-39",2033,"2",0.349999999999995,0.0699999999999991
"35-39",2034,"2",0.348899999999996,0.0697799999999993
"35-39",2035,"2",0.347799999999995,0.069559999999999
"35-39",2036,"2",0.346699999999996,0.0693399999999992
"35-39",2037,"2",0.345599999999997,0.0691199999999994
"35-39",2038,"2",0.344499999999996,0.0688999999999992
"35-39",2039,"2",0.343399999999996,0.0686799999999992
"35-39",2040,"2",0.342299999999994,0.0684599999999989
"35-39",2020,"3",0.171199999999993,0.0342399999999987
"35-39",2021,"3",0.160199999999997,0.0320399999999994
"35-39",2022,"3",0.149199999999996,0.0298399999999991
"35-39",2023,"3",0.138199999999994,0.0276399999999989
"35-39",2024,"3",0.127199999999993,0.0254399999999986
"35-39",2025,"3",0.116199999999996,0.0232399999999993
"35-39",2026,"3",0.1121,0.02242
"35-39",2027,"3",0.0963999999999851,0.019279999999997
"35-39",2028,"3",0.0776999999999953,0.0155399999999991
"35-39",2029,"3",0.0717999999999961,0.0143599999999992
"35-39",2030,"3",0.0658999999999946,0.0131799999999989
"35-39",2031,"3",0.0599999999999955,0.0119999999999991
"35-39",2032,"3",0.0540999999999963,0.0108199999999993
"35-39",2033,"3",0.0481999999999948,0.00963999999999896
"35-39",2034,"3",0.0422999999999956,0.00845999999999913
"35-39",2035,"3",0.0363999999999942,0.00727999999999884
"35-39",2036,"3",0.030499999999995,0.006099999999999
"35-39",2037,"3",0.0245999999999958,0.00491999999999916
"35-39",2038,"3",0.0186999999999944,0.00373999999999887
"35-39",2039,"3",0.0127999999999952,0.00255999999999904
"35-39",2040,"3",0.00689999999999372,0.00137999999999874
"35-39",2020,"4",0.0596999999999935,0.0119399999999987
"35-39",2021,"4",0.0485999999999967,0.00971999999999935
"35-39",2022,"4",0.0374999999999955,0.00749999999999909
"35-39",2023,"4",0.0263999999999942,0.00527999999999884
"35-39",2024,"4",0.0152999999999929,0.00305999999999858
"35-39",2025,"4",0.00419999999999618,0.000839999999999236
"35-39",2026,"4",0,0
"35-39",2027,"4",0,0
"35-39",2028,"4",0,0
"35-39",2029,"4",0,0
"35-39",2030,"4",0,0
"35-39",2031,"4",0,0
"35-39",2032,"4",0,0
"35-39",2033,"4",0,0
"35-39",2034,"4",0,0
"35-39",2035,"4",0,0
"35-39",2036,"4",0,0
"35-39",2037,"4",0,0
"35-39",2038,"4",0,0
"35-39",2039,"4",0,0
"35-39",2040,"4",0,0
"35-39",2020,"5+",0,0
"35-39",2021,"5+",0,0
"35-39",2022,"5+",0,0
"35-39",2023,"5+",0,0
"35-39",2024,"5+",0,0
"35-39",2025,"5+",0,0
"35-39",2026,"5+",0,0
"35-39",2027,"5+",0,0
"35-39",2028,"5+",0,0
"35-39",2029,"5+",0,0
"35-39",2030,"5+",0,0
"35-39",2031,"5+",0,0
"35-39",2032,"5+",0,0
"35-39",2033,"5+",0,0
"35-39",2034,"5+",0,0
"35-39",2035,"5+",0,0
"35-39",2036,"5+",0,0
"35-39",2037,"5+",0,0
"35-39",2038,"5+",0,0
"35-39",2039,"5+",0,0
"35-39",2040,"5+",0,0
"40-44",2020,"0",0.932700000000001,0.18654
"40-44",2021,"0",0.934200000000001,0.18684
"40-44",2022,"0",0.9354,0.18708
"40-44",2023,"0",0.9358,0.18716
"40-44",2024,"0",0.9362,0.18724
"40-44",2025,"0",0.9366,0.18732
"40-44",2026,"0",0.937,0.1874
"40-44",2027,"0",0.9374,0.18748
"40-44",2028,"0",0.9378,0.18756
"40-44",2029,"0",0.9382,0.18764
"40-44",2030,"0",0.938600000000001,0.18772
"40-44",2031,"0",0.939000000000001,0.1878
"40-44",2032,"0",0.939400000000001,0.18788
"40-44",2033,"0",0.939800000000001,0.18796
"40-44",2034,"0",0.940200000000001,0.18804
"40-44",2035,"0",0.940600000000001,0.18812
"40-44",2036,"0",0.941000000000001,0.1882
"40-44",2037,"0",0.941400000000001,0.18828
"40-44",2038,"0",0.941800000000001,0.18836
"40-44",2039,"0",0.942200000000001,0.18844
"40-44",2040,"0",0.942600000000001,0.18852
"40-44",2020,"1",0.786799999999999,0.15736
"40-44",2021,"1",0.781799999999998,0.15636
"40-44",2022,"1",0.776799999999998,0.15536
"40-44",2023,"1",0.771799999999998,0.15436
"40-44",2024,"1",0.766799999999997,0.153359999999999
"40-44",2025,"1",0.761799999999999,0.15236
"40-44",2026,"1",0.7568,0.15136
"40-44",2027,"1",0.751799999999999,0.15036
"40-44",2028,"1",0.746799999999999,0.14936
"40-44",2029,"1",0.753000000000007,0.150600000000001
"40-44",2030,"1",0.762000000000007,0.152400000000001
"40-44",2031,"1",0.771000000000005,0.154200000000001
"40-44",2032,"1",0.780000000000006,0.156000000000001
"40-44",2033,"1",0.789000000000007,0.157800000000001
"40-44",2034,"1",0.798000000000007,0.159600000000001
"40-44",2035,"1",0.807000000000008,0.161400000000002
"40-44",2036,"1",0.816000000000006,0.163200000000001
"40-44",2037,"1",0.825000000000006,0.165000000000001
"40-44",2038,"1",0.834000000000007,0.166800000000001
"40-44",2039,"1",0.843000000000008,0.168600000000001
"40-44",2040,"1",0.852000000000008,0.170400000000002
"40-44",2020,"2",0.503299999999998,0.100659999999999
"40-44",2021,"2",0.494599999999997,0.0989199999999994
"40-44",2022,"2",0.476399999999983,0.0952799999999966
"40-44",2023,"2",0.454999999999984,0.0909999999999968
"40-44",2024,"2",0.433599999999988,0.0867199999999975
"40-44",2025,"2",0.412199999999982,0.0824399999999964
"40-44",2026,"2",0.390799999999982,0.0781599999999964
"40-44",2027,"2",0.369399999999986,0.0738799999999971
"40-44",2028,"2",0.355499999999996,0.0710999999999992
"40-44",2029,"2",0.354399999999997,0.0708799999999994
"40-44",2030,"2",0.353299999999996,0.0706599999999992
"40-44",2031,"2",0.352199999999997,0.0704399999999994
"40-44",2032,"2",0.351099999999997,0.0702199999999994
"40-44",2033,"2",0.349999999999995,0.0699999999999991
"40-44",2034,"2",0.348899999999996,0.0697799999999993
"40-44",2035,"2",0.347799999999995,0.069559999999999
"40-44",2036,"2",0.346699999999996,0.0693399999999992
"40-44",2037,"2",0.345599999999997,0.0691199999999994
"40-44",2038,"2",0.344499999999996,0.0688999999999992
"40-44",2039,"2",0.343399999999996,0.0686799999999992
"40-44",2040,"2",0.342299999999994,0.0684599999999989
"40-44",2020,"3",0.248399999999995,0.049679999999999
"40-44",2021,"3",0.232799999999994,0.0465599999999988
"40-44",2022,"3",0.217199999999993,0.0434399999999986
"40-44",2023,"3",0.201199999999983,0.0402399999999966
"40-44",2024,"3",0.174999999999986,0.0349999999999973
"40-44",2025,"3",0.148799999999981,0.0297599999999961
"40-44",2026,"3",0.122599999999982,0.0245199999999963
"40-44",2027,"3",0.0963999999999851,0.019279999999997
"40-44",2028,"3",0.0776999999999953,0.0155399999999991
"40-44",2029,"3",0.0717999999999961,0.0143599999999992
"40-44",2030,"3",0.0658999999999946,0.0131799999999989
"40-44",2031,"3",0.0599999999999955,0.0119999999999991
"40-44",2032,"3",0.0540999999999963,0.0108199999999993
"40-44",2033,"3",0.0481999999999948,0.00963999999999896
"40-44",2034,"3",0.0422999999999956,0.00845999999999913
"40-44",2035,"3",0.0363999999999942,0.00727999999999884
"40-44",2036,"3",0.030499999999995,0.006099999999999
"40-44",2037,"3",0.0245999999999958,0.00491999999999916
"40-44",2038,"3",0.0186999999999944,0.00373999999999887
"40-44",2039,"3",0.0127999999999952,0.00255999999999904
"40-44",2040,"3",0.00689999999999372,0.00137999999999874
"40-44",2020,"4",0.114799999999996,0.0229599999999991
"40-44",2021,"4",0.100799999999995,0.0201599999999989
"40-44",2022,"4",0.0867999999999938,0.0173599999999988
"40-44",2023,"4",0.0727999999999929,0.0145599999999986
"40-44",2024,"4",0.058799999999992,0.0117599999999984
"40-44",2025,"4",0.0447999999999956,0.00895999999999913
"40-44",2026,"4",0.0307999999999947,0.00615999999999894
"40-44",2027,"4",0.0127999999999884,0.00255999999999767
"40-44",2028,"4",0,0
"40-44",2029,"4",0,0
"40-44",2030,"4",0,0
"40-44",2031,"4",0,0
"40-44",2032,"4",0,0
"40-44",2033,"4",0,0
"40-44",2034,"4",0,0
"40-44",2035,"4",0,0
"40-44",2036,"4",0,0
"40-44",2037,"4",0,0
"40-44",2038,"4",0,0
"40-44",2039,"4",0,0
"40-44",2040,"4",0,0
"40-44",2020,"5+",0,0
"40-44",2021,"5+",0,0
"40-44",2022,"5+",0,0
"40-44",2023,"5+",0,0
"40-44",2024,"5+",0,0
"40-44",2025,"5+",0,0
"40-44",2026,"5+",0,0
"40-44",2027,"5+",0,0
"40-44",2028,"5+",0,0
"40-44",2029,"5+",0,0
"40-44",2030,"5+",0,0
"40-44",2031,"5+",0,0
"40-44",2032,"5+",0,0
"40-44",2033,"5+",0,0
"40-44",2034,"5+",0,0
"40-44",2035,"5+",0,0
"40-44",2036,"5+",0,0
"40-44",2037,"5+",0,0
"40-44",2038,"5+",0,0
"40-44",2039,"5+",0,0
"40-44",2040,"5+",0,0
"45-49",2020,"0",0.9346,0.18692
"45-49",2021,"0",0.935,0.187
"45-49",2022,"0",0.9354,0.18708
"45-49",2023,"0",0.9358,0.18716
"45-49",2024,"0",0.9362,0.18724
"45-49",2025,"0",0.9366,0.18732
"45-49",2026,"0",0.937,0.1874
"45-49",2027,"0",0.9374,0.18748
"45-49",2028,"0",0.9378,0.18756
"45-49",2029,"0",0.9382,0.18764
"45-49",2030,"0",0.938600000000001,0.18772
"45-49",2031,"0",0.939000000000001,0.1878
"45-49",2032,"0",0.939400000000001,0.18788
"45-49",2033,"0",0.939800000000001,0.18796
"45-49",2034,"0",0.940200000000001,0.18804
"45-49",2035,"0",0.940600000000001,0.18812
"45-49",2036,"0",0.941000000000001,0.1882
"45-49",2037,"0",0.941400000000001,0.18828
"45-49",2038,"0",0.941800000000001,0.18836
"45-49",2039,"0",0.942200000000001,0.18844
"45-49",2040,"0",0.942600000000001,0.18852
"45-49",2020,"1",0.808199999999988,0.161639999999998
"45-49",2021,"1",0.802199999999993,0.160439999999999
"45-49",2022,"1",0.796199999999988,0.159239999999998
"45-49",2023,"1",0.790199999999988,0.158039999999998
"45-49",2024,"1",0.784199999999992,0.156839999999998
"45-49",2025,"1",0.778199999999986,0.155639999999997
"45-49",2026,"1",0.772199999999985,0.154439999999997
"45-49",2027,"1",0.766199999999993,0.153239999999999
"45-49",2028,"1",0.767700000000003,0.153540000000001
"45-49",2029,"1",0.782000000000004,0.156400000000001
"45-49",2030,"1",0.796300000000002,0.15926
"45-49",2031,"1",0.810600000000003,0.162120000000001
"45-49",2032,"1",0.824900000000002,0.16498
"45-49",2033,"1",0.839200000000005,0.167840000000001
"45-49",2034,"1",0.853500000000006,0.170700000000001
"45-49",2035,"1",0.867800000000004,0.173560000000001
"45-49",2036,"1",0.882100000000005,0.176420000000001
"45-49",2037,"1",0.896400000000006,0.179280000000001
"45-49",2038,"1",0.910700000000004,0.182140000000001
"45-49",2039,"1",0.925000000000008,0.185000000000002
"45-49",2040,"1",0.939300000000006,0.187860000000001
"45-49",2020,"2",0.519199999999987,0.103839999999997
"45-49",2021,"2",0.497799999999988,0.0995599999999977
"45-49",2022,"2",0.476399999999983,0.0952799999999966
"45-49",2023,"2",0.454999999999984,0.0909999999999968
"45-49",2024,"2",0.433599999999988,0.0867199999999975
"45-49",2025,"2",0.412199999999982,0.0824399999999964
"45-49",2026,"2",0.390799999999982,0.0781599999999964
"45-49",2027,"2",0.369399999999986,0.0738799999999971
"45-49",2028,"2",0.355499999999996,0.0710999999999992
"45-49",2029,"2",0.354399999999997,0.0708799999999994
"45-49",2030,"2",0.353299999999996,0.0706599999999992
"45-49",2031,"2",0.352199999999997,0.0704399999999994
"45-49",2032,"2",0.351099999999997,0.0702199999999994
"45-49",2033,"2",0.349999999999995,0.0699999999999991
"45-49",2034,"2",0.348899999999996,0.0697799999999993
"45-49",2035,"2",0.347799999999995,0.069559999999999
"45-49",2036,"2",0.346699999999996,0.0693399999999992
"45-49",2037,"2",0.345599999999997,0.0691199999999994
"45-49",2038,"2",0.344499999999996,0.0688999999999992
"45-49",2039,"2",0.343399999999996,0.0686799999999992
"45-49",2040,"2",0.342299999999994,0.0684599999999989
"45-49",2020,"3",0.279799999999987,0.0559599999999973
"45-49",2021,"3",0.253599999999988,0.0507199999999975
"45-49",2022,"3",0.227399999999982,0.0454799999999964
"45-49",2023,"3",0.201199999999983,0.0402399999999966
"45-49",2024,"3",0.174999999999986,0.0349999999999973
"45-49",2025,"3",0.148799999999981,0.0297599999999961
"45-49",2026,"3",0.122599999999982,0.0245199999999963
"45-49",2027,"3",0.0963999999999851,0.019279999999997
"45-49",2028,"3",0.0776999999999953,0.0155399999999991
"45-49",2029,"3",0.0717999999999961,0.0143599999999992
"45-49",2030,"3",0.0658999999999946,0.0131799999999989
"45-49",2031,"3",0.0599999999999955,0.0119999999999991
"45-49",2032,"3",0.0540999999999963,0.0108199999999993
"45-49",2033,"3",0.0481999999999948,0.00963999999999896
"45-49",2034,"3",0.0422999999999956,0.00845999999999913
"45-49",2035,"3",0.0363999999999942,0.00727999999999884
"45-49",2036,"3",0.030499999999995,0.006099999999999
"45-49",2037,"3",0.0245999999999958,0.00491999999999916
"45-49",2038,"3",0.0186999999999944,0.00373999999999887
"45-49",2039,"3",0.0127999999999952,0.00255999999999904
"45-49",2040,"3",0.00689999999999372,0.00137999999999874
"45-49",2020,"4",0.154899999999989,0.0309799999999977
"45-49",2021,"4",0.134599999999991,0.0269199999999983
"45-49",2022,"4",0.114299999999985,0.0228599999999969
"45-49",2023,"4",0.0939999999999873,0.0187999999999975
"45-49",2024,"4",0.0736999999999898,0.014739999999998
"45-49",2025,"4",0.0533999999999833,0.0106799999999967
"45-49",2026,"4",0.0330999999999858,0.00661999999999716
"45-49",2027,"4",0.0127999999999884,0.00255999999999767
"45-49",2028,"4",0,0
"45-49",2029,"4",0,0
"45-49",2030,"4",0,0
"45-49",2031,"4",0,0
"45-49",2032,"4",0,0
"45-49",2033,"4",0,0
"45-49",2034,"4",0,0
"45-49",2035,"4",0,0
"45-49",2036,"4",0,0
"45-49",2037,"4",0,0
"45-49",2038,"4",0,0
"45-49",2039,"4",0,0
"45-49",2040,"4",0,0
"45-49",2020,"5+",0,0
"45-49",2021,"5+",0,0
"45-49",2022,"5+",0,0
"45-49",2023,"5+",0,0
"45-49",2024,"5+",0,0
"45-49",2025,"5+",0,0
"45-49",2026,"5+",0,0
"45-49",2027,"5+",0,0
"45-49",2028,"5+",0,0
"45-49",2029,"5+",0,0
"45-49",2030,"5+",0,0
"45-49",2031,"5+",0,0
"45-49",2032,"5+",0,0
"45-49",2033,"5+",0,0
"45-49",2034,"5+",0,0
"45-49",2035,"5+",0,0
"45-49",2036,"5+",0,0
"45-49",2037,"5+",0,0
"45-49",2038,"5+",0,0
"45-49",2039,"5+",0,0
"45-49",2040,"5+",0,0
