"Age_cat","Year","Num_child","Percentage","probs"
"15-19",2015,"0",89.4,0.894
"20-24",2015,"0",53,0.53
"25-29",2015,"0",26.3,0.263
"30-34",2015,"0",13,0.13
"35-39",2015,"0",9.3,0.093
"40-44",2015,"0",7.2,0.072
"45-49",2015,"0",6.4,0.064
"15-19",2016,"0",89.9,0.899
"20-24",2016,"0",54.2,0.542
"25-29",2016,"0",25.8,0.258
"30-34",2016,"0",13.4,0.134
"35-39",2016,"0",10,0.1
"40-44",2016,"0",7.1,0.071
"45-49",2016,"0",6.8,0.068
"15-19",2017,"0",89.4,0.894
"20-24",2017,"0",54.9,0.549
"25-29",2017,"0",26.5,0.265
"30-34",2017,"0",14.9,0.149
"35-39",2017,"0",10.7,0.107
"40-44",2017,"0",8.1,0.081
"45-49",2017,"0",6.9,0.069
"15-19",2018,"0",90.7,0.907
"20-24",2018,"0",57,0.57
"25-29",2018,"0",29.6,0.296
"30-34",2018,"0",15.7,0.157
"35-39",2018,"0",10.1,0.101
"40-44",2018,"0",7,0.07
"45-49",2018,"0",7.2,0.072
"15-19",2019,"0",93.5,0.935
"20-24",2019,"0",64.8,0.648
"25-29",2019,"0",33.3,0.333
"30-34",2019,"0",15.9,0.159
"35-39",2019,"0",8.7,0.087
"40-44",2019,"0",6.5,0.065
"45-49",2019,"0",6,0.06
"15-19",2015,"1",9.5,0.095
"20-24",2015,"1",32.3,0.323
"25-29",2015,"1",32.8,0.328
"30-34",2015,"1",24.4,0.244
"35-39",2015,"1",16,0.16
"40-44",2015,"1",11.7,0.117
"45-49",2015,"1",10.1,0.101
"15-19",2016,"1",8.9,0.089
"20-24",2016,"1",30.9,0.309
"25-29",2016,"1",32.4,0.324
"30-34",2016,"1",24.9,0.249
"35-39",2016,"1",16.2,0.162
"40-44",2016,"1",11.1,0.111
"45-49",2016,"1",9.7,0.097
"15-19",2017,"1",9.6,0.096
"20-24",2017,"1",30.8,0.308
"25-29",2017,"1",33,0.33
"30-34",2017,"1",24.6,0.246
"35-39",2017,"1",17.2,0.172
"40-44",2017,"1",12.8,0.128
"45-49",2017,"1",10.4,0.104
"15-19",2018,"1",8.3,0.083
"20-24",2018,"1",29.9,0.299
"25-29",2018,"1",33.4,0.334
"30-34",2018,"1",24.9,0.249
"35-39",2018,"1",17.3,0.173
"40-44",2018,"1",14.4,0.144
"45-49",2018,"1",11,0.11
"15-19",2019,"1",5.9,0.059
"20-24",2019,"1",24.9,0.249
"25-29",2019,"1",31.7,0.317
"30-34",2019,"1",25.8,0.258
"35-39",2019,"1",17.8,0.178
"40-44",2019,"1",13.2,0.132
"45-49",2019,"1",12.7,0.127
"15-19",2015,"2",1.1,0.011
"20-24",2015,"2",11.7,0.117
"25-29",2015,"2",26.6,0.266
"30-34",2015,"2",31.3,0.313
"35-39",2015,"2",30.8,0.308
"40-44",2015,"2",26.7,0.267
"45-49",2015,"2",22.6,0.226
"15-19",2016,"2",1.1,0.011
"20-24",2016,"2",11.8,0.118
"25-29",2016,"2",27.3,0.273
"30-34",2016,"2",32,0.32
"35-39",2016,"2",30.5,0.305
"40-44",2016,"2",26.9,0.269
"45-49",2016,"2",22,0.22
"15-19",2017,"2",1,0.01
"20-24",2017,"2",11.5,0.115
"25-29",2017,"2",27.2,0.272
"30-34",2017,"2",32.7,0.327
"35-39",2017,"2",29.8,0.298
"40-44",2017,"2",26.6,0.266
"45-49",2017,"2",23,0.23
"15-19",2018,"2",1,0.01
"20-24",2018,"2",10.6,0.106
"25-29",2018,"2",25.3,0.253
"30-34",2018,"2",32,0.32
"35-39",2018,"2",31.8,0.318
"40-44",2018,"2",28,0.28
"45-49",2018,"2",25,0.25
"15-19",2019,"2",0.6,0.006
"20-24",2019,"2",8.5,0.085
"25-29",2019,"2",24.6,0.246
"30-34",2019,"2",31.8,0.318
"35-39",2019,"2",31.9,0.319
"40-44",2019,"2",28,0.28
"45-49",2019,"2",28.8,0.288
"15-19",2015,"3",0,0
"20-24",2015,"3",2.6,0.026
"25-29",2015,"3",10.1,0.101
"30-34",2015,"3",18.4,0.184
"35-39",2015,"3",21.2,0.212
"40-44",2015,"3",22.1,0.221
"45-49",2015,"3",20.6,0.206
"15-19",2016,"3",0.1,0.001
"20-24",2016,"3",2.6,0.026
"25-29",2016,"3",10.5,0.105
"30-34",2016,"3",17.5,0.175
"35-39",2016,"3",21.7,0.217
"40-44",2016,"3",23.6,0.236
"45-49",2016,"3",21.9,0.219
"15-19",2017,"3",0,0
"20-24",2017,"3",2.5,0.025
"25-29",2017,"3",9.5,0.095
"30-34",2017,"3",17.2,0.172
"35-39",2017,"3",22.3,0.223
"40-44",2017,"3",22.9,0.229
"45-49",2017,"3",24.2,0.242
"15-19",2018,"3",0.1,0.001
"20-24",2018,"3",2,0.02
"25-29",2018,"3",8.5,0.085
"30-34",2018,"3",17.6,0.176
"35-39",2018,"3",22.2,0.222
"40-44",2018,"3",22.3,0.223
"45-49",2018,"3",23.7,0.237
"15-19",2019,"3",0.1,0.001
"20-24",2019,"3",1.5,0.015
"25-29",2019,"3",8,0.08
"30-34",2019,"3",17,0.17
"35-39",2019,"3",22.9,0.229
"40-44",2019,"3",26.2,0.262
"45-49",2019,"3",22.1,0.221
"15-19",2015,"4",0,0
"20-24",2015,"4",0.4,0.004
"25-29",2015,"4",3.1,0.031
"30-34",2015,"4",7.8,0.078
"35-39",2015,"4",11.3,0.113
"40-44",2015,"4",13.9,0.139
"45-49",2015,"4",15.1,0.151
"15-19",2016,"4",0,0
"20-24",2016,"4",0.4,0.004
"25-29",2016,"4",2.9,0.029
"30-34",2016,"4",7.5,0.075
"35-39",2016,"4",11.4,0.114
"40-44",2016,"4",14,0.14
"45-49",2016,"4",15.4,0.154
"15-19",2017,"4",0,0
"20-24",2017,"4",0.3,0.003
"25-29",2017,"4",2.7,0.027
"30-34",2017,"4",6.8,0.068
"35-39",2017,"4",10.7,0.107
"40-44",2017,"4",14.2,0.142
"45-49",2017,"4",14.4,0.144
"15-19",2018,"4",0,0
"20-24",2018,"4",0.4,0.004
"25-29",2018,"4",2.5,0.025
"30-34",2018,"4",6.4,0.064
"35-39",2018,"4",10.3,0.103
"40-44",2018,"4",14,0.14
"45-49",2018,"4",13.1,0.131
"15-19",2019,"4",0,0
"20-24",2019,"4",0.2,0.002
"25-29",2019,"4",1.9,0.019
"30-34",2019,"4",6.4,0.064
"35-39",2019,"4",11.9,0.119
"40-44",2019,"4",13.1,0.131
"45-49",2019,"4",13.3,0.133
"15-19",2015,"5+",0,0
"20-24",2015,"5+",0,0
"25-29",2015,"5+",1.1,0.011
"30-34",2015,"5+",5.1,0.051
"35-39",2015,"5+",11.5,0.115
"40-44",2015,"5+",18.4,0.184
"45-49",2015,"5+",25.2,0.252
"15-19",2016,"5+",0,0
"20-24",2016,"5+",0.1,0.001
"25-29",2016,"5+",1.1,0.011
"30-34",2016,"5+",4.6,0.046
"35-39",2016,"5+",10.3,0.103
"40-44",2016,"5+",17.4,0.174
"45-49",2016,"5+",24.3,0.243
"15-19",2017,"5+",0,0
"20-24",2017,"5+",0.1,0.001
"25-29",2017,"5+",1.1,0.011
"30-34",2017,"5+",3.7,0.037
"35-39",2017,"5+",9.4,0.094
"40-44",2017,"5+",15.5,0.155
"45-49",2017,"5+",21.2,0.212
"15-19",2018,"5+",0,0
"20-24",2018,"5+",0.1,0.001
"25-29",2018,"5+",0.7,0.007
"30-34",2018,"5+",3.4,0.034
"35-39",2018,"5+",8.4,0.084
"40-44",2018,"5+",14,0.14
"45-49",2018,"5+",20,0.2
"15-19",2019,"5+",0,0
"20-24",2019,"5+",0,0
"25-29",2019,"5+",0.4,0.004
"30-34",2019,"5+",3.1,0.031
"35-39",2019,"5+",6.9,0.069
"40-44",2019,"5+",13.1,0.131
"45-49",2019,"5+",17.2,0.172
"15-19",2020,"0",93.2800000000007,0.932800000000007
"15-19",2021,"0",94.1800000000005,0.941800000000005
"15-19",2022,"0",95.0800000000006,0.950800000000006
"15-19",2023,"0",95.9800000000007,0.959800000000007
"15-19",2024,"0",96.8800000000006,0.968800000000006
"15-19",2025,"0",97.7800000000007,0.977800000000007
"15-19",2026,"0",98.6800000000007,0.986800000000007
"15-19",2027,"0",99.5800000000006,0.995800000000006
"15-19",2028,"0",100,1
"15-19",2029,"0",100,1
"15-19",2030,"0",100,1
"15-19",2031,"0",100,1
"15-19",2032,"0",100,1
"15-19",2033,"0",100,1
"15-19",2034,"0",100,1
"15-19",2035,"0",100,1
"15-19",2036,"0",100,1
"15-19",2037,"0",100,1
"15-19",2038,"0",100,1
"15-19",2039,"0",100,1
"15-19",2040,"0",100,1
"15-19",2020,"1",6.09999999999968,0.0609999999999968
"15-19",2021,"1",5.31999999999971,0.0531999999999971
"15-19",2022,"1",4.53999999999974,0.0453999999999974
"15-19",2023,"1",3.75999999999976,0.0375999999999976
"15-19",2024,"1",2.97999999999979,0.0297999999999979
"15-19",2025,"1",2.19999999999959,0.0219999999999959
"15-19",2026,"1",1.41999999999962,0.0141999999999962
"15-19",2027,"1",0.639999999999645,0.00639999999999645
"15-19",2028,"1",0,0
"15-19",2029,"1",0,0
"15-19",2030,"1",0,0
"15-19",2031,"1",0,0
"15-19",2032,"1",0,0
"15-19",2033,"1",0,0
"15-19",2034,"1",0,0
"15-19",2035,"1",0,0
"15-19",2036,"1",0,0
"15-19",2037,"1",0,0
"15-19",2038,"1",0,0
"15-19",2039,"1",0,0
"15-19",2040,"1",0,0
"15-19",2020,"2",0.629999999999939,0.00629999999999939
"15-19",2021,"2",0.519999999999925,0.00519999999999925
"15-19",2022,"2",0.40999999999994,0.0040999999999994
"15-19",2023,"2",0.299999999999926,0.00299999999999926
"15-19",2024,"2",0.189999999999941,0.00189999999999941
"15-19",2025,"2",0.0799999999999272,0.000799999999999272
"15-19",2026,"2",0,0
"15-19",2027,"2",0,0
"15-19",2028,"2",0,0
"15-19",2029,"2",0,0
"15-19",2030,"2",0,0
"15-19",2031,"2",0,0
"15-19",2032,"2",0,0
"15-19",2033,"2",0,0
"15-19",2034,"2",0,0
"15-19",2035,"2",0,0
"15-19",2036,"2",0,0
"15-19",2037,"2",0,0
"15-19",2038,"2",0,0
"15-19",2039,"2",0,0
"15-19",2040,"2",0,0
"15-19",2020,"3",0.120000000000012,0.00120000000000012
"15-19",2021,"3",0.140000000000008,0.00140000000000008
"15-19",2022,"3",0.160000000000011,0.00160000000000011
"15-19",2023,"3",0.180000000000007,0.00180000000000007
"15-19",2024,"3",0.20000000000001,0.0020000000000001
"15-19",2025,"3",0.220000000000013,0.00220000000000013
"15-19",2026,"3",0.240000000000009,0.00240000000000009
"15-19",2027,"3",0.260000000000012,0.00260000000000012
"15-19",2028,"3",0.280000000000008,0.00280000000000008
"15-19",2029,"3",0.300000000000011,0.00300000000000011
"15-19",2030,"3",0.320000000000007,0.00320000000000007
"15-19",2031,"3",0.340000000000011,0.00340000000000011
"15-19",2032,"3",0.360000000000014,0.00360000000000014
"15-19",2033,"3",0.38000000000001,0.0038000000000001
"15-19",2034,"3",0.400000000000013,0.00400000000000013
"15-19",2035,"3",0.420000000000009,0.00420000000000009
"15-19",2036,"3",0.440000000000012,0.00440000000000012
"15-19",2037,"3",0.460000000000015,0.00460000000000015
"15-19",2038,"3",0.480000000000011,0.00480000000000011
"15-19",2039,"3",0.500000000000014,0.00500000000000014
"15-19",2040,"3",0.52000000000001,0.0052000000000001
"15-19",2020,"4",0,0
"15-19",2021,"4",0,0
"15-19",2022,"4",0,0
"15-19",2023,"4",0,0
"15-19",2024,"4",0,0
"15-19",2025,"4",0,0
"15-19",2026,"4",0,0
"15-19",2027,"4",0,0
"15-19",2028,"4",0,0
"15-19",2029,"4",0,0
"15-19",2030,"4",0,0
"15-19",2031,"4",0,0
"15-19",2032,"4",0,0
"15-19",2033,"4",0,0
"15-19",2034,"4",0,0
"15-19",2035,"4",0,0
"15-19",2036,"4",0,0
"15-19",2037,"4",0,0
"15-19",2038,"4",0,0
"15-19",2039,"4",0,0
"15-19",2040,"4",0,0
"15-19",2020,"5+",0,0
"15-19",2021,"5+",0,0
"15-19",2022,"5+",0,0
"15-19",2023,"5+",0,0
"15-19",2024,"5+",0,0
"15-19",2025,"5+",0,0
"15-19",2026,"5+",0,0
"15-19",2027,"5+",0,0
"15-19",2028,"5+",0,0
"15-19",2029,"5+",0,0
"15-19",2030,"5+",0,0
"15-19",2031,"5+",0,0
"15-19",2032,"5+",0,0
"15-19",2033,"5+",0,0
"15-19",2034,"5+",0,0
"15-19",2035,"5+",0,0
"15-19",2036,"5+",0,0
"15-19",2037,"5+",0,0
"15-19",2038,"5+",0,0
"15-19",2039,"5+",0,0
"15-19",2040,"5+",0,0
"20-24",2020,"0",64.7000000000007,0.647000000000007
"20-24",2021,"0",67.3400000000011,0.673400000000011
"20-24",2022,"0",69.9800000000014,0.699800000000014
"20-24",2023,"0",72.6200000000008,0.726200000000008
"20-24",2024,"0",75.2600000000011,0.752600000000011
"20-24",2025,"0",77.9000000000015,0.779000000000015
"20-24",2026,"0",80.5400000000018,0.805400000000018
"20-24",2027,"0",83.1800000000012,0.831800000000012
"20-24",2028,"0",85.8200000000015,0.858200000000015
"20-24",2029,"0",88.4600000000019,0.884600000000019
"20-24",2030,"0",91.1000000000013,0.911000000000013
"20-24",2031,"0",93.7400000000016,0.937400000000016
"20-24",2032,"0",96.3800000000019,0.963800000000019
"20-24",2033,"0",99.0200000000013,0.990200000000014
"20-24",2034,"0",100,1
"20-24",2035,"0",100,1
"20-24",2036,"0",100,1
"20-24",2037,"0",100,1
"20-24",2038,"0",100,1
"20-24",2039,"0",100,1
"20-24",2040,"0",100,1
"20-24",2020,"1",25.0199999999991,0.250199999999991
"20-24",2021,"1",23.4399999999991,0.234399999999991
"20-24",2022,"1",21.8599999999992,0.218599999999992
"20-24",2023,"1",20.2799999999993,0.202799999999993
"20-24",2024,"1",18.6999999999989,0.186999999999989
"20-24",2025,"1",17.119999999999,0.17119999999999
"20-24",2026,"1",15.5399999999991,0.155399999999991
"20-24",2027,"1",13.9599999999991,0.139599999999991
"20-24",2028,"1",12.3799999999987,0.123799999999987
"20-24",2029,"1",10.7999999999988,0.107999999999988
"20-24",2030,"1",9.21999999999889,0.0921999999999889
"20-24",2031,"1",7.63999999999896,0.0763999999999896
"20-24",2032,"1",6.05999999999904,0.0605999999999904
"20-24",2033,"1",4.47999999999865,0.0447999999999865
"20-24",2034,"1",2.89999999999873,0.0289999999999873
"20-24",2035,"1",1.3199999999988,0.013199999999988
"20-24",2036,"1",0,0
"20-24",2037,"1",0,0
"20-24",2038,"1",0,0
"20-24",2039,"1",0,0
"20-24",2040,"1",0,0
"20-24",2020,"2",8.53999999999951,0.0853999999999951
"20-24",2021,"2",7.77999999999952,0.0777999999999952
"20-24",2022,"2",7.01999999999953,0.0701999999999953
"20-24",2023,"2",6.25999999999954,0.0625999999999954
"20-24",2024,"2",5.49999999999955,0.0549999999999955
"20-24",2025,"2",4.73999999999955,0.0473999999999955
"20-24",2026,"2",3.97999999999956,0.0397999999999956
"20-24",2027,"2",3.21999999999957,0.0321999999999957
"20-24",2028,"2",2.45999999999935,0.0245999999999935
"20-24",2029,"2",1.69999999999936,0.0169999999999936
"20-24",2030,"2",0.939999999999372,0.00939999999999372
"20-24",2031,"2",0.179999999999382,0.00179999999999382
"20-24",2032,"2",0,0
"20-24",2033,"2",0,0
"20-24",2034,"2",0,0
"20-24",2035,"2",0,0
"20-24",2036,"2",0,0
"20-24",2037,"2",0,0
"20-24",2038,"2",0,0
"20-24",2039,"2",0,0
"20-24",2040,"2",0,0
"20-24",2020,"3",1.39999999999986,0.0139999999999986
"20-24",2021,"3",1.11999999999989,0.0111999999999989
"20-24",2022,"3",0.839999999999918,0.00839999999999918
"20-24",2023,"3",0.559999999999832,0.00559999999999832
"20-24",2024,"3",0.279999999999859,0.00279999999999859
"20-24",2025,"3",0,0
"20-24",2026,"3",0,0
"20-24",2027,"3",0,0
"20-24",2028,"3",0,0
"20-24",2029,"3",0,0
"20-24",2030,"3",0,0
"20-24",2031,"3",0,0
"20-24",2032,"3",0,0
"20-24",2033,"3",0,0
"20-24",2034,"3",0,0
"20-24",2035,"3",0,0
"20-24",2036,"3",0,0
"20-24",2037,"3",0,0
"20-24",2038,"3",0,0
"20-24",2039,"3",0,0
"20-24",2040,"3",0,0
"20-24",2020,"4",0.21999999999997,0.0021999999999997
"20-24",2021,"4",0.179999999999978,0.00179999999999978
"20-24",2022,"4",0.139999999999972,0.00139999999999972
"20-24",2023,"4",0.0999999999999659,0.000999999999999659
"20-24",2024,"4",0.0599999999999739,0.000599999999999739
"20-24",2025,"4",0.0199999999999676,0.000199999999999676
"20-24",2026,"4",0,0
"20-24",2027,"4",0,0
"20-24",2028,"4",0,0
"20-24",2029,"4",0,0
"20-24",2030,"4",0,0
"20-24",2031,"4",0,0
"20-24",2032,"4",0,0
"20-24",2033,"4",0,0
"20-24",2034,"4",0,0
"20-24",2035,"4",0,0
"20-24",2036,"4",0,0
"20-24",2037,"4",0,0
"20-24",2038,"4",0,0
"20-24",2039,"4",0,0
"20-24",2040,"4",0,0
"20-24",2020,"5+",0.0599999999999985,0.000599999999999985
"20-24",2021,"5+",0.059999999999998,0.00059999999999998
"20-24",2022,"5+",0.0599999999999975,0.000599999999999975
"20-24",2023,"5+",0.059999999999997,0.00059999999999997
"20-24",2024,"5+",0.0599999999999965,0.000599999999999965
"20-24",2025,"5+",0.059999999999996,0.00059999999999996
"20-24",2026,"5+",0.0599999999999955,0.000599999999999955
"20-24",2027,"5+",0.059999999999995,0.00059999999999995
"20-24",2028,"5+",0.0599999999999945,0.000599999999999945
"20-24",2029,"5+",0.059999999999994,0.00059999999999994
"20-24",2030,"5+",0.0599999999999935,0.000599999999999935
"20-24",2031,"5+",0.059999999999993,0.00059999999999993
"20-24",2032,"5+",0.0599999999999925,0.000599999999999925
"20-24",2033,"5+",0.059999999999992,0.00059999999999992
"20-24",2034,"5+",0.0599999999999915,0.000599999999999915
"20-24",2035,"5+",0.059999999999991,0.00059999999999991
"20-24",2036,"5+",0.0599999999999905,0.000599999999999905
"20-24",2037,"5+",0.05999999999999,0.0005999999999999
"20-24",2038,"5+",0.0599999999999895,0.000599999999999895
"20-24",2039,"5+",0.059999999999989,0.00059999999999989
"20-24",2040,"5+",0.0599999999999885,0.000599999999999885
"25-29",2020,"0",33.6400000000008,0.336400000000008
"25-29",2021,"0",35.4200000000005,0.354200000000005
"25-29",2022,"0",37.2000000000007,0.372000000000007
"25-29",2023,"0",38.9800000000009,0.389800000000009
"25-29",2024,"0",40.7600000000007,0.407600000000007
"25-29",2025,"0",42.5400000000009,0.425400000000009
"25-29",2026,"0",44.3200000000011,0.443200000000011
"25-29",2027,"0",46.1000000000008,0.461000000000008
"25-29",2028,"0",47.880000000001,0.47880000000001
"25-29",2029,"0",49.6600000000012,0.496600000000012
"25-29",2030,"0",51.440000000001,0.51440000000001
"25-29",2031,"0",53.2200000000012,0.532200000000012
"25-29",2032,"0",55.0000000000014,0.550000000000014
"25-29",2033,"0",56.7800000000011,0.567800000000011
"25-29",2034,"0",58.5600000000013,0.585600000000013
"25-29",2035,"0",60.3400000000011,0.603400000000011
"25-29",2036,"0",62.1200000000013,0.621200000000013
"25-29",2037,"0",63.9000000000015,0.639000000000015
"25-29",2038,"0",65.6800000000012,0.656800000000012
"25-29",2039,"0",67.4600000000014,0.674600000000014
"25-29",2040,"0",69.2400000000016,0.692400000000016
"25-29",2020,"1",32.2999999999999,0.322999999999999
"25-29",2021,"1",32.1799999999999,0.321799999999999
"25-29",2022,"1",32.0599999999999,0.320599999999999
"25-29",2023,"1",31.9399999999999,0.319399999999999
"25-29",2024,"1",31.8199999999999,0.318199999999999
"25-29",2025,"1",31.6999999999999,0.316999999999999
"25-29",2026,"1",31.5799999999999,0.315799999999999
"25-29",2027,"1",31.4599999999999,0.314599999999999
"25-29",2028,"1",31.3399999999999,0.313399999999999
"25-29",2029,"1",31.2199999999999,0.312199999999999
"25-29",2030,"1",31.0999999999999,0.310999999999999
"25-29",2031,"1",30.9799999999999,0.309799999999999
"25-29",2032,"1",30.8599999999999,0.308599999999999
"25-29",2033,"1",30.7399999999999,0.307399999999999
"25-29",2034,"1",30.6199999999999,0.306199999999999
"25-29",2035,"1",30.4999999999999,0.304999999999999
"25-29",2036,"1",30.3799999999999,0.303799999999999
"25-29",2037,"1",30.2599999999999,0.302599999999999
"25-29",2038,"1",30.1399999999999,0.301399999999999
"25-29",2039,"1",30.0199999999999,0.300199999999999
"25-29",2040,"1",29.8999999999999,0.298999999999999
"25-29",2020,"2",24.3999999999996,0.243999999999996
"25-29",2021,"2",23.7999999999997,0.237999999999997
"25-29",2022,"2",23.1999999999996,0.231999999999996
"25-29",2023,"2",22.5999999999997,0.225999999999997
"25-29",2024,"2",21.9999999999995,0.219999999999995
"25-29",2025,"2",21.3999999999996,0.213999999999996
"25-29",2026,"2",20.7999999999995,0.207999999999995
"25-29",2027,"2",20.1999999999996,0.201999999999996
"25-29",2028,"2",19.5999999999997,0.195999999999997
"25-29",2029,"2",18.9999999999995,0.189999999999995
"25-29",2030,"2",18.3999999999996,0.183999999999996
"25-29",2031,"2",17.7999999999995,0.177999999999995
"25-29",2032,"2",17.1999999999996,0.171999999999996
"25-29",2033,"2",16.5999999999995,0.165999999999995
"25-29",2034,"2",15.9999999999995,0.159999999999995
"25-29",2035,"2",15.3999999999994,0.153999999999994
"25-29",2036,"2",14.7999999999995,0.147999999999995
"25-29",2037,"2",14.1999999999994,0.141999999999994
"25-29",2038,"2",13.5999999999995,0.135999999999995
"25-29",2039,"2",12.9999999999993,0.129999999999993
"25-29",2040,"2",12.3999999999994,0.123999999999994
"25-29",2020,"3",7.45999999999958,0.0745999999999958
"25-29",2021,"3",6.83999999999969,0.0683999999999969
"25-29",2022,"3",6.21999999999957,0.0621999999999957
"25-29",2023,"3",5.59999999999945,0.0559999999999945
"25-29",2024,"3",4.97999999999956,0.0497999999999956
"25-29",2025,"3",4.35999999999945,0.0435999999999944
"25-29",2026,"3",3.73999999999955,0.0373999999999955
"25-29",2027,"3",3.11999999999944,0.0311999999999944
"25-29",2028,"3",2.49999999999955,0.0249999999999955
"25-29",2029,"3",1.87999999999943,0.0187999999999943
"25-29",2030,"3",1.25999999999954,0.0125999999999954
"25-29",2031,"3",0.639999999999418,0.00639999999999418
"25-29",2032,"3",0.0199999999995271,0.000199999999995271
"25-29",2033,"3",0,0
"25-29",2034,"3",0,0
"25-29",2035,"3",0,0
"25-29",2036,"3",0,0
"25-29",2037,"3",0,0
"25-29",2038,"3",0,0
"25-29",2039,"3",0,0
"25-29",2040,"3",0,0
"25-29",2020,"4",1.77999999999986,0.0177999999999986
"25-29",2021,"4",1.49999999999989,0.0149999999999989
"25-29",2022,"4",1.21999999999991,0.0121999999999991
"25-29",2023,"4",0.939999999999827,0.00939999999999827
"25-29",2024,"4",0.659999999999854,0.00659999999999854
"25-29",2025,"4",0.379999999999882,0.00379999999999882
"25-29",2026,"4",0.0999999999997954,0.000999999999997954
"25-29",2027,"4",0,0
"25-29",2028,"4",0,0
"25-29",2029,"4",0,0
"25-29",2030,"4",0,0
"25-29",2031,"4",0,0
"25-29",2032,"4",0,0
"25-29",2033,"4",0,0
"25-29",2034,"4",0,0
"25-29",2035,"4",0,0
"25-29",2036,"4",0,0
"25-29",2037,"4",0,0
"25-29",2038,"4",0,0
"25-29",2039,"4",0,0
"25-29",2040,"4",0,0
"25-29",2020,"5+",0.339999999999918,0.00339999999999918
"25-29",2021,"5+",0.159999999999911,0.00159999999999911
"25-29",2022,"5+",0,0
"25-29",2023,"5+",0,0
"25-29",2024,"5+",0,0
"25-29",2025,"5+",0,0
"25-29",2026,"5+",0,0
"25-29",2027,"5+",0,0
"25-29",2028,"5+",0,0
"25-29",2029,"5+",0,0
"25-29",2030,"5+",0,0
"25-29",2031,"5+",0,0
"25-29",2032,"5+",0,0
"25-29",2033,"5+",0,0
"25-29",2034,"5+",0,0
"25-29",2035,"5+",0,0
"25-29",2036,"5+",0,0
"25-29",2037,"5+",0,0
"25-29",2038,"5+",0,0
"25-29",2039,"5+",0,0
"25-29",2040,"5+",0,0
"30-34",2020,"0",17.0100000000004,0.170100000000004
"30-34",2021,"0",17.8200000000004,0.178200000000004
"30-34",2022,"0",18.6300000000003,0.186300000000003
"30-34",2023,"0",19.4400000000005,0.194400000000005
"30-34",2024,"0",20.2500000000005,0.202500000000005
"30-34",2025,"0",21.0600000000004,0.210600000000004
"30-34",2026,"0",21.8700000000003,0.218700000000003
"30-34",2027,"0",22.6800000000005,0.226800000000005
"30-34",2028,"0",23.4900000000005,0.234900000000005
"30-34",2029,"0",24.3000000000004,0.243000000000004
"30-34",2030,"0",25.1100000000006,0.251100000000006
"30-34",2031,"0",25.9200000000005,0.259200000000005
"30-34",2032,"0",26.7300000000005,0.267300000000005
"30-34",2033,"0",27.5400000000006,0.275400000000006
"30-34",2034,"0",28.3500000000006,0.283500000000006
"30-34",2035,"0",29.1600000000005,0.291600000000005
"30-34",2036,"0",29.9700000000005,0.299700000000005
"30-34",2037,"0",30.7800000000007,0.307800000000007
"30-34",2038,"0",31.5900000000006,0.315900000000006
"30-34",2039,"0",32.4000000000005,0.324000000000005
"30-34",2040,"0",33.2100000000007,0.332100000000007
"30-34",2020,"1",25.7600000000001,0.257600000000001
"30-34",2021,"1",26.0400000000001,0.260400000000001
"30-34",2022,"1",26.3200000000001,0.2632
"30-34",2023,"1",26.6,0.266
"30-34",2024,"1",26.8800000000001,0.268800000000001
"30-34",2025,"1",27.1600000000001,0.271600000000001
"30-34",2026,"1",27.4400000000001,0.274400000000001
"30-34",2027,"1",27.7200000000001,0.277200000000001
"30-34",2028,"1",28.0000000000001,0.280000000000001
"30-34",2029,"1",28.2800000000001,0.282800000000001
"30-34",2030,"1",28.5600000000002,0.285600000000002
"30-34",2031,"1",28.8400000000001,0.288400000000001
"30-34",2032,"1",29.1200000000001,0.291200000000001
"30-34",2033,"1",29.4000000000001,0.294000000000001
"30-34",2034,"1",29.6800000000002,0.296800000000002
"30-34",2035,"1",29.9600000000002,0.299600000000001
"30-34",2036,"1",30.2400000000001,0.302400000000001
"30-34",2037,"1",30.5200000000002,0.305200000000002
"30-34",2038,"1",30.8000000000002,0.308000000000002
"30-34",2039,"1",31.0800000000002,0.310800000000002
"30-34",2040,"1",31.3600000000002,0.313600000000002
"30-34",2020,"2",32.26,0.3226
"30-34",2021,"2",32.36,0.3236
"30-34",2022,"2",32.46,0.3246
"30-34",2023,"2",32.56,0.3256
"30-34",2024,"2",32.66,0.3266
"30-34",2025,"2",32.76,0.3276
"30-34",2026,"2",32.86,0.3286
"30-34",2027,"2",32.96,0.3296
"30-34",2028,"2",33.06,0.3306
"30-34",2029,"2",33.16,0.3316
"30-34",2030,"2",33.26,0.3326
"30-34",2031,"2",33.36,0.3336
"30-34",2032,"2",33.46,0.3346
"30-34",2033,"2",33.56,0.3356
"30-34",2034,"2",33.66,0.3366
"30-34",2035,"2",33.76,0.3376
"30-34",2036,"2",33.86,0.3386
"30-34",2037,"2",33.96,0.3396
"30-34",2038,"2",34.06,0.3406
"30-34",2039,"2",34.16,0.3416
"30-34",2040,"2",34.26,0.3426
"30-34",2020,"3",16.7299999999998,0.167299999999998
"30-34",2021,"3",16.4599999999998,0.164599999999998
"30-34",2022,"3",16.1899999999998,0.161899999999998
"30-34",2023,"3",15.9199999999998,0.159199999999998
"30-34",2024,"3",15.6499999999997,0.156499999999998
"30-34",2025,"3",15.3799999999998,0.153799999999998
"30-34",2026,"3",15.1099999999998,0.151099999999998
"30-34",2027,"3",14.8399999999998,0.148399999999998
"30-34",2028,"3",14.5699999999998,0.145699999999998
"30-34",2029,"3",14.2999999999997,0.142999999999997
"30-34",2030,"3",14.0299999999997,0.140299999999997
"30-34",2031,"3",13.7599999999998,0.137599999999998
"30-34",2032,"3",13.4899999999998,0.134899999999998
"30-34",2033,"3",13.2199999999998,0.132199999999998
"30-34",2034,"3",12.9499999999998,0.129499999999998
"30-34",2035,"3",12.6799999999997,0.126799999999997
"30-34",2036,"3",12.4099999999997,0.124099999999997
"30-34",2037,"3",12.1399999999998,0.121399999999998
"30-34",2038,"3",11.8699999999998,0.118699999999998
"30-34",2039,"3",11.5999999999998,0.115999999999998
"30-34",2040,"3",11.3299999999997,0.113299999999997
"30-34",2020,"4",5.80999999999983,0.0580999999999983
"30-34",2021,"4",5.41999999999985,0.0541999999999985
"30-34",2022,"4",5.02999999999975,0.0502999999999975
"30-34",2023,"4",4.63999999999976,0.0463999999999976
"30-34",2024,"4",4.24999999999977,0.0424999999999977
"30-34",2025,"4",3.85999999999979,0.0385999999999979
"30-34",2026,"4",3.4699999999998,0.034699999999998
"30-34",2027,"4",3.07999999999981,0.0307999999999981
"30-34",2028,"4",2.68999999999971,0.0268999999999971
"30-34",2029,"4",2.29999999999973,0.0229999999999973
"30-34",2030,"4",1.90999999999974,0.0190999999999974
"30-34",2031,"4",1.51999999999975,0.0151999999999975
"30-34",2032,"4",1.12999999999977,0.0112999999999977
"30-34",2033,"4",0.739999999999782,0.00739999999999782
"30-34",2034,"4",0.349999999999682,0.00349999999999682
"30-34",2035,"4",0,0
"30-34",2036,"4",0,0
"30-34",2037,"4",0,0
"30-34",2038,"4",0,0
"30-34",2039,"4",0,0
"30-34",2040,"4",0,0
"30-34",2020,"5+",2.41999999999985,0.0241999999999985
"30-34",2021,"5+",1.89999999999986,0.0189999999999986
"30-34",2022,"5+",1.37999999999988,0.0137999999999988
"30-34",2023,"5+",0.8599999999999,0.008599999999999
"30-34",2024,"5+",0.339999999999918,0.00339999999999918
"30-34",2025,"5+",0,0
"30-34",2026,"5+",0,0
"30-34",2027,"5+",0,0
"30-34",2028,"5+",0,0
"30-34",2029,"5+",0,0
"30-34",2030,"5+",0,0
"30-34",2031,"5+",0,0
"30-34",2032,"5+",0,0
"30-34",2033,"5+",0,0
"30-34",2034,"5+",0,0
"30-34",2035,"5+",0,0
"30-34",2036,"5+",0,0
"30-34",2037,"5+",0,0
"30-34",2038,"5+",0,0
"30-34",2039,"5+",0,0
"30-34",2040,"5+",0,0
"35-39",2020,"0",9.42999999999992,0.0942999999999992
"35-39",2021,"0",9.31999999999991,0.0931999999999991
"35-39",2022,"0",9.20999999999992,0.0920999999999992
"35-39",2023,"0",9.09999999999991,0.0909999999999991
"35-39",2024,"0",8.9899999999999,0.089899999999999
"35-39",2025,"0",8.87999999999988,0.0887999999999988
"35-39",2026,"0",8.76999999999987,0.0876999999999987
"35-39",2027,"0",8.65999999999985,0.0865999999999985
"35-39",2028,"0",8.54999999999987,0.0854999999999987
"35-39",2029,"0",8.43999999999986,0.0843999999999986
"35-39",2030,"0",8.32999999999984,0.0832999999999984
"35-39",2031,"0",8.21999999999983,0.0821999999999983
"35-39",2032,"0",8.10999999999981,0.0810999999999981
"35-39",2033,"0",7.9999999999998,0.079999999999998
"35-39",2034,"0",7.88999999999982,0.0788999999999982
"35-39",2035,"0",7.7799999999998,0.077799999999998
"35-39",2036,"0",7.66999999999979,0.0766999999999979
"35-39",2037,"0",7.55999999999977,0.0755999999999978
"35-39",2038,"0",7.44999999999976,0.0744999999999976
"35-39",2039,"0",7.33999999999975,0.0733999999999975
"35-39",2040,"0",7.22999999999976,0.0722999999999976
"35-39",2020,"1",18.3100000000003,0.183100000000003
"35-39",2021,"1",18.7800000000003,0.187800000000003
"35-39",2022,"1",19.2500000000002,0.192500000000002
"35-39",2023,"1",19.7200000000003,0.197200000000003
"35-39",2024,"1",20.1900000000003,0.201900000000003
"35-39",2025,"1",20.6600000000003,0.206600000000003
"35-39",2026,"1",21.1300000000003,0.211300000000003
"35-39",2027,"1",21.6000000000004,0.216000000000004
"35-39",2028,"1",22.0700000000003,0.220700000000003
"35-39",2029,"1",22.5400000000003,0.225400000000003
"35-39",2030,"1",23.0100000000003,0.230100000000003
"35-39",2031,"1",23.4800000000004,0.234800000000004
"35-39",2032,"1",23.9500000000004,0.239500000000004
"35-39",2033,"1",24.4200000000004,0.244200000000004
"35-39",2034,"1",24.8900000000003,0.248900000000003
"35-39",2035,"1",25.3600000000004,0.253600000000004
"35-39",2036,"1",25.8300000000004,0.258300000000004
"35-39",2037,"1",26.3000000000004,0.263000000000004
"35-39",2038,"1",26.7700000000004,0.267700000000004
"35-39",2039,"1",27.2400000000005,0.272400000000005
"35-39",2040,"1",27.7100000000004,0.277100000000004
"35-39",2020,"2",32.0100000000002,0.320100000000002
"35-39",2021,"2",32.3600000000002,0.323600000000002
"35-39",2022,"2",32.7100000000002,0.327100000000002
"35-39",2023,"2",33.0600000000002,0.330600000000002
"35-39",2024,"2",33.4100000000002,0.334100000000002
"35-39",2025,"2",33.7600000000002,0.337600000000002
"35-39",2026,"2",34.1100000000002,0.341100000000002
"35-39",2027,"2",34.4600000000003,0.344600000000003
"35-39",2028,"2",34.8100000000003,0.348100000000003
"35-39",2029,"2",35.1600000000003,0.351600000000003
"35-39",2030,"2",35.5100000000003,0.355100000000003
"35-39",2031,"2",35.8600000000004,0.358600000000004
"35-39",2032,"2",36.2100000000004,0.362100000000004
"35-39",2033,"2",36.5600000000003,0.365600000000003
"35-39",2034,"2",36.9100000000003,0.369100000000003
"35-39",2035,"2",37.2600000000003,0.372600000000003
"35-39",2036,"2",37.6100000000004,0.376100000000004
"35-39",2037,"2",37.9600000000004,0.379600000000004
"35-39",2038,"2",38.3100000000004,0.383100000000004
"35-39",2039,"2",38.6600000000004,0.386600000000004
"35-39",2040,"2",39.0100000000004,0.390100000000004
"35-39",2020,"3",23.2300000000001,0.232300000000001
"35-39",2021,"3",23.6200000000001,0.236200000000001
"35-39",2022,"3",24.0100000000001,0.240100000000001
"35-39",2023,"3",24.4000000000001,0.244000000000001
"35-39",2024,"3",24.7900000000002,0.247900000000002
"35-39",2025,"3",25.1800000000002,0.251800000000002
"35-39",2026,"3",25.5700000000002,0.255700000000002
"35-39",2027,"3",25.9600000000002,0.259600000000001
"35-39",2028,"3",26.3500000000001,0.263500000000001
"35-39",2029,"3",26.7400000000002,0.267400000000002
"35-39",2030,"3",27.1300000000002,0.271300000000002
"35-39",2031,"3",27.5200000000002,0.275200000000002
"35-39",2032,"3",27.9100000000002,0.279100000000002
"35-39",2033,"3",28.3000000000002,0.283000000000002
"35-39",2034,"3",28.6900000000002,0.286900000000002
"35-39",2035,"3",29.0800000000003,0.290800000000003
"35-39",2036,"3",29.4700000000003,0.294700000000003
"35-39",2037,"3",29.8600000000002,0.298600000000002
"35-39",2038,"3",30.2500000000002,0.302500000000002
"35-39",2039,"3",30.6400000000002,0.306400000000002
"35-39",2040,"3",31.0300000000003,0.310300000000003
"35-39",2020,"4",11.15,0.1115
"35-39",2021,"4",11.16,0.1116
"35-39",2022,"4",11.17,0.1117
"35-39",2023,"4",11.18,0.1118
"35-39",2024,"4",11.19,0.1119
"35-39",2025,"4",11.2,0.112
"35-39",2026,"4",11.21,0.1121
"35-39",2027,"4",11.22,0.1122
"35-39",2028,"4",11.23,0.1123
"35-39",2029,"4",11.24,0.1124
"35-39",2030,"4",11.25,0.1125
"35-39",2031,"4",11.26,0.1126
"35-39",2032,"4",11.27,0.1127
"35-39",2033,"4",11.28,0.1128
"35-39",2034,"4",11.29,0.1129
"35-39",2035,"4",11.3,0.113
"35-39",2036,"4",11.31,0.1131
"35-39",2037,"4",11.32,0.1132
"35-39",2038,"4",11.33,0.1133
"35-39",2039,"4",11.34,0.1134
"35-39",2040,"4",11.35,0.1135
"35-39",2020,"5+",5.96999999999935,0.0596999999999935
"35-39",2021,"5+",4.85999999999967,0.0485999999999967
"35-39",2022,"5+",3.74999999999955,0.0374999999999955
"35-39",2023,"5+",2.63999999999942,0.0263999999999942
"35-39",2024,"5+",1.52999999999929,0.0152999999999929
"35-39",2025,"5+",0.419999999999618,0.00419999999999618
"35-39",2026,"5+",0,0
"35-39",2027,"5+",0,0
"35-39",2028,"5+",0,0
"35-39",2029,"5+",0,0
"35-39",2030,"5+",0,0
"35-39",2031,"5+",0,0
"35-39",2032,"5+",0,0
"35-39",2033,"5+",0,0
"35-39",2034,"5+",0,0
"35-39",2035,"5+",0,0
"35-39",2036,"5+",0,0
"35-39",2037,"5+",0,0
"35-39",2038,"5+",0,0
"35-39",2039,"5+",0,0
"35-39",2040,"5+",0,0
"40-44",2020,"0",6.7299999999999,0.067299999999999
"40-44",2021,"0",6.57999999999987,0.0657999999999987
"40-44",2022,"0",6.42999999999989,0.0642999999999989
"40-44",2023,"0",6.27999999999986,0.0627999999999986
"40-44",2024,"0",6.12999999999988,0.0612999999999988
"40-44",2025,"0",5.97999999999985,0.0597999999999985
"40-44",2026,"0",5.82999999999987,0.0582999999999987
"40-44",2027,"0",5.67999999999984,0.0567999999999984
"40-44",2028,"0",5.52999999999986,0.0552999999999986
"40-44",2029,"0",5.37999999999982,0.0537999999999983
"40-44",2030,"0",5.22999999999985,0.0522999999999985
"40-44",2031,"0",5.07999999999981,0.0507999999999981
"40-44",2032,"0",4.92999999999984,0.0492999999999984
"40-44",2033,"0",4.7799999999998,0.047799999999998
"40-44",2034,"0",4.62999999999982,0.0462999999999983
"40-44",2035,"0",4.47999999999979,0.0447999999999979
"40-44",2036,"0",4.32999999999981,0.0432999999999981
"40-44",2037,"0",4.17999999999978,0.0417999999999978
"40-44",2038,"0",4.0299999999998,0.040299999999998
"40-44",2039,"0",3.87999999999977,0.0387999999999977
"40-44",2040,"0",3.72999999999979,0.0372999999999979
"40-44",2020,"1",14.5300000000002,0.145300000000002
"40-44",2021,"1",15.1600000000001,0.151600000000001
"40-44",2022,"1",15.7900000000002,0.157900000000002
"40-44",2023,"1",16.4200000000003,0.164200000000003
"40-44",2024,"1",17.0500000000002,0.170500000000002
"40-44",2025,"1",17.6800000000003,0.176800000000003
"40-44",2026,"1",18.3100000000002,0.183100000000002
"40-44",2027,"1",18.9400000000003,0.189400000000003
"40-44",2028,"1",19.5700000000002,0.195700000000002
"40-44",2029,"1",20.2000000000003,0.202000000000003
"40-44",2030,"1",20.8300000000004,0.208300000000004
"40-44",2031,"1",21.4600000000003,0.214600000000003
"40-44",2032,"1",22.0900000000004,0.220900000000004
"40-44",2033,"1",22.7200000000003,0.227200000000003
"40-44",2034,"1",23.3500000000004,0.233500000000004
"40-44",2035,"1",23.9800000000002,0.239800000000002
"40-44",2036,"1",24.6100000000004,0.246100000000004
"40-44",2037,"1",25.2400000000005,0.252400000000005
"40-44",2038,"1",25.8700000000003,0.258700000000003
"40-44",2039,"1",26.5000000000005,0.265000000000005
"40-44",2040,"1",27.1300000000003,0.271300000000003
"40-44",2020,"2",28.3500000000001,0.283500000000001
"40-44",2021,"2",28.7200000000001,0.287200000000001
"40-44",2022,"2",29.0900000000001,0.290900000000001
"40-44",2023,"2",29.4600000000002,0.294600000000002
"40-44",2024,"2",29.8300000000002,0.298300000000002
"40-44",2025,"2",30.2000000000002,0.302000000000002
"40-44",2026,"2",30.5700000000003,0.305700000000003
"40-44",2027,"2",30.9400000000003,0.309400000000003
"40-44",2028,"2",31.3100000000003,0.313100000000003
"40-44",2029,"2",31.6800000000003,0.316800000000003
"40-44",2030,"2",32.0500000000003,0.320500000000003
"40-44",2031,"2",32.4200000000003,0.324200000000003
"40-44",2032,"2",32.7900000000003,0.327900000000003
"40-44",2033,"2",33.1600000000003,0.331600000000003
"40-44",2034,"2",33.5300000000003,0.335300000000003
"40-44",2035,"2",33.9000000000003,0.339000000000003
"40-44",2036,"2",34.2700000000003,0.342700000000003
"40-44",2037,"2",34.6400000000003,0.346400000000003
"40-44",2038,"2",35.0100000000003,0.350100000000003
"40-44",2039,"2",35.3800000000003,0.353800000000003
"40-44",2040,"2",35.7500000000003,0.357500000000003
"40-44",2020,"3",25.4900000000002,0.254900000000002
"40-44",2021,"3",26.1800000000003,0.261800000000003
"40-44",2022,"3",26.8700000000003,0.268700000000003
"40-44",2023,"3",27.5600000000004,0.275600000000004
"40-44",2024,"3",28.2500000000005,0.282500000000005
"40-44",2025,"3",28.9400000000003,0.289400000000003
"40-44",2026,"3",29.6300000000003,0.296300000000003
"40-44",2027,"3",30.3200000000004,0.303200000000004
"40-44",2028,"3",31.0100000000004,0.310100000000004
"40-44",2029,"3",31.7000000000005,0.317000000000005
"40-44",2030,"3",32.3900000000006,0.323900000000006
"40-44",2031,"3",33.0800000000004,0.330800000000004
"40-44",2032,"3",33.7700000000004,0.337700000000004
"40-44",2033,"3",34.4600000000005,0.344600000000005
"40-44",2034,"3",35.1500000000005,0.351500000000005
"40-44",2035,"3",35.8400000000006,0.358400000000006
"40-44",2036,"3",36.5300000000004,0.365300000000004
"40-44",2037,"3",37.2200000000005,0.372200000000005
"40-44",2038,"3",37.9100000000005,0.379100000000005
"40-44",2039,"3",38.6000000000006,0.386000000000006
"40-44",2040,"3",39.2900000000006,0.392900000000006
"40-44",2020,"4",13.36,0.1336
"40-44",2021,"4",13.1999999999999,0.131999999999999
"40-44",2022,"4",13.0399999999999,0.130399999999999
"40-44",2023,"4",12.8799999999999,0.128799999999999
"40-44",2024,"4",12.7199999999999,0.127199999999999
"40-44",2025,"4",12.5599999999999,0.125599999999999
"40-44",2026,"4",12.3999999999999,0.123999999999999
"40-44",2027,"4",12.2399999999999,0.122399999999999
"40-44",2028,"4",12.0799999999999,0.120799999999999
"40-44",2029,"4",11.9199999999999,0.119199999999999
"40-44",2030,"4",11.7599999999999,0.117599999999999
"40-44",2031,"4",11.5999999999999,0.115999999999999
"40-44",2032,"4",11.4399999999999,0.114399999999999
"40-44",2033,"4",11.2799999999999,0.112799999999999
"40-44",2034,"4",11.1199999999998,0.111199999999998
"40-44",2035,"4",10.9599999999999,0.109599999999999
"40-44",2036,"4",10.7999999999998,0.107999999999998
"40-44",2037,"4",10.6399999999998,0.106399999999998
"40-44",2038,"4",10.4799999999998,0.104799999999998
"40-44",2039,"4",10.3199999999998,0.103199999999998
"40-44",2040,"4",10.1599999999998,0.101599999999998
"40-44",2020,"5+",11.4799999999996,0.114799999999996
"40-44",2021,"5+",10.0799999999995,0.100799999999995
"40-44",2022,"5+",8.67999999999938,0.0867999999999938
"40-44",2023,"5+",7.27999999999929,0.0727999999999929
"40-44",2024,"5+",5.8799999999992,0.058799999999992
"40-44",2025,"5+",4.47999999999956,0.0447999999999956
"40-44",2026,"5+",3.07999999999947,0.0307999999999947
"40-44",2027,"5+",1.67999999999938,0.0167999999999938
"40-44",2028,"5+",0.279999999999291,0.00279999999999291
"40-44",2029,"5+",0,0
"40-44",2030,"5+",0,0
"40-44",2031,"5+",0,0
"40-44",2032,"5+",0,0
"40-44",2033,"5+",0,0
"40-44",2034,"5+",0,0
"40-44",2035,"5+",0,0
"40-44",2036,"5+",0,0
"40-44",2037,"5+",0,0
"40-44",2038,"5+",0,0
"40-44",2039,"5+",0,0
"40-44",2040,"5+",0,0
"45-49",2020,"0",6.53999999999998,0.0653999999999998
"45-49",2021,"0",6.49999999999999,0.0649999999999999
"45-49",2022,"0",6.45999999999998,0.0645999999999998
"45-49",2023,"0",6.41999999999997,0.0641999999999997
"45-49",2024,"0",6.37999999999997,0.0637999999999997
"45-49",2025,"0",6.33999999999996,0.0633999999999996
"45-49",2026,"0",6.29999999999997,0.0629999999999997
"45-49",2027,"0",6.25999999999996,0.0625999999999996
"45-49",2028,"0",6.21999999999996,0.0621999999999996
"45-49",2029,"0",6.17999999999995,0.0617999999999995
"45-49",2030,"0",6.13999999999994,0.0613999999999994
"45-49",2031,"0",6.09999999999995,0.0609999999999995
"45-49",2032,"0",6.05999999999995,0.0605999999999995
"45-49",2033,"0",6.01999999999994,0.0601999999999994
"45-49",2034,"0",5.97999999999993,0.0597999999999993
"45-49",2035,"0",5.93999999999993,0.0593999999999993
"45-49",2036,"0",5.89999999999993,0.0589999999999993
"45-49",2037,"0",5.85999999999993,0.0585999999999993
"45-49",2038,"0",5.81999999999992,0.0581999999999992
"45-49",2039,"0",5.77999999999992,0.0577999999999992
"45-49",2040,"0",5.73999999999991,0.0573999999999991
"45-49",2020,"1",12.7300000000002,0.127300000000002
"45-49",2021,"1",13.3800000000003,0.133800000000003
"45-49",2022,"1",14.0300000000004,0.140300000000004
"45-49",2023,"1",14.6800000000003,0.146800000000003
"45-49",2024,"1",15.3300000000004,0.153300000000004
"45-49",2025,"1",15.9800000000005,0.159800000000005
"45-49",2026,"1",16.6300000000003,0.166300000000003
"45-49",2027,"1",17.2800000000004,0.172800000000004
"45-49",2028,"1",17.9300000000005,0.179300000000005
"45-49",2029,"1",18.5800000000004,0.185800000000004
"45-49",2030,"1",19.2300000000005,0.192300000000005
"45-49",2031,"1",19.8800000000006,0.198800000000006
"45-49",2032,"1",20.5300000000004,0.205300000000004
"45-49",2033,"1",21.1800000000005,0.211800000000005
"45-49",2034,"1",21.8300000000006,0.218300000000006
"45-49",2035,"1",22.4800000000005,0.224800000000005
"45-49",2036,"1",23.1300000000006,0.231300000000006
"45-49",2037,"1",23.7800000000007,0.237800000000007
"45-49",2038,"1",24.4300000000005,0.244300000000005
"45-49",2039,"1",25.0800000000006,0.250800000000006
"45-49",2040,"1",25.7300000000007,0.257300000000007
"45-49",2020,"2",28.9000000000001,0.289000000000001
"45-49",2021,"2",30.4400000000005,0.304400000000005
"45-49",2022,"2",31.9800000000005,0.319800000000005
"45-49",2023,"2",33.5200000000004,0.335200000000004
"45-49",2024,"2",35.0600000000004,0.350600000000004
"45-49",2025,"2",36.6000000000004,0.366000000000004
"45-49",2026,"2",38.1400000000003,0.381400000000003
"45-49",2027,"2",39.6800000000007,0.396800000000007
"45-49",2028,"2",41.2200000000007,0.412200000000007
"45-49",2029,"2",42.7600000000007,0.427600000000007
"45-49",2030,"2",44.3000000000006,0.443000000000006
"45-49",2031,"2",45.8400000000006,0.458400000000006
"45-49",2032,"2",47.3800000000006,0.473800000000006
"45-49",2033,"2",48.920000000001,0.48920000000001
"45-49",2034,"2",50.4600000000009,0.504600000000009
"45-49",2035,"2",52.0000000000009,0.520000000000009
"45-49",2036,"2",53.5400000000009,0.535400000000009
"45-49",2037,"2",55.0800000000008,0.550800000000008
"45-49",2038,"2",56.6200000000008,0.566200000000008
"45-49",2039,"2",58.1600000000012,0.581600000000012
"45-49",2040,"2",59.7000000000012,0.597000000000012
"45-49",2020,"3",23.9400000000001,0.239400000000001
"45-49",2021,"3",24.4200000000001,0.244200000000001
"45-49",2022,"3",24.9000000000001,0.249000000000001
"45-49",2023,"3",25.3800000000001,0.253800000000001
"45-49",2024,"3",25.8600000000001,0.258600000000001
"45-49",2025,"3",26.3400000000001,0.263400000000001
"45-49",2026,"3",26.8200000000001,0.2682
"45-49",2027,"3",27.3000000000001,0.273000000000001
"45-49",2028,"3",27.7800000000001,0.277800000000001
"45-49",2029,"3",28.2600000000001,0.282600000000001
"45-49",2030,"3",28.7400000000001,0.287400000000001
"45-49",2031,"3",29.2200000000001,0.292200000000001
"45-49",2032,"3",29.7,0.297
"45-49",2033,"3",30.1800000000001,0.301800000000001
"45-49",2034,"3",30.6600000000001,0.306600000000001
"45-49",2035,"3",31.1400000000001,0.311400000000001
"45-49",2036,"3",31.6200000000001,0.316200000000001
"45-49",2037,"3",32.1000000000001,0.321000000000001
"45-49",2038,"3",32.5800000000002,0.325800000000002
"45-49",2039,"3",33.0600000000001,0.330600000000001
"45-49",2040,"3",33.5400000000001,0.335400000000001
"45-49",2020,"4",12.4899999999998,0.124899999999998
"45-49",2021,"4",11.8999999999996,0.118999999999996
"45-49",2022,"4",11.3099999999997,0.113099999999997
"45-49",2023,"4",10.7199999999996,0.107199999999996
"45-49",2024,"4",10.1299999999997,0.101299999999997
"45-49",2025,"4",9.53999999999974,0.0953999999999974
"45-49",2026,"4",8.94999999999959,0.0894999999999959
"45-49",2027,"4",8.35999999999967,0.0835999999999967
"45-49",2028,"4",7.76999999999953,0.0776999999999953
"45-49",2029,"4",7.17999999999961,0.0717999999999961
"45-49",2030,"4",6.58999999999946,0.0658999999999946
"45-49",2031,"4",5.99999999999955,0.0599999999999955
"45-49",2032,"4",5.40999999999963,0.0540999999999963
"45-49",2033,"4",4.81999999999948,0.0481999999999948
"45-49",2034,"4",4.22999999999956,0.0422999999999956
"45-49",2035,"4",3.63999999999942,0.0363999999999942
"45-49",2036,"4",3.0499999999995,0.030499999999995
"45-49",2037,"4",2.45999999999958,0.0245999999999958
"45-49",2038,"4",1.86999999999944,0.0186999999999944
"45-49",2039,"4",1.27999999999952,0.0127999999999952
"45-49",2040,"4",0.689999999999372,0.00689999999999372
"45-49",2020,"5+",15.4899999999989,0.154899999999989
"45-49",2021,"5+",13.4599999999991,0.134599999999991
"45-49",2022,"5+",11.4299999999985,0.114299999999985
"45-49",2023,"5+",9.39999999999873,0.0939999999999873
"45-49",2024,"5+",7.36999999999898,0.0736999999999898
"45-49",2025,"5+",5.33999999999833,0.0533999999999833
"45-49",2026,"5+",3.30999999999858,0.0330999999999858
"45-49",2027,"5+",1.27999999999884,0.0127999999999884
"45-49",2028,"5+",0,0
"45-49",2029,"5+",0,0
"45-49",2030,"5+",0,0
"45-49",2031,"5+",0,0
"45-49",2032,"5+",0,0
"45-49",2033,"5+",0,0
"45-49",2034,"5+",0,0
"45-49",2035,"5+",0,0
"45-49",2036,"5+",0,0
"45-49",2037,"5+",0,0
"45-49",2038,"5+",0,0
"45-49",2039,"5+",0,0
"45-49",2040,"5+",0,0
